transaction_id,date,customer_id,transaction_type,amount,account_balance,branch,channel,status,age_group,is_fraud
BNK-0000000,2023-07-14,CIF-24773,Credit,4490.42,234287.52,Dhaka Main,Mobile,Pending,36-45,0
BNK-0000001,2023-12-11,CIF-20633,Credit,2138.99,302636.78,Dhanmondi,Mobile,Success,26-35,0
BNK-0000002,2023-05-30,CIF-92722,Debit,4407.93,374022.33,Gulshan,Branch,Success,18-25,0
BNK-0000003,2023-08-29,CIF-90480,Credit,6235.49,323021.82,Gulshan,Mobile,Success,26-35,0
BNK-0000004,2023-01-27,CIF-68313,Credit,1266.16,311207.6,Dhanmondi,Mobile,Success,46-60,0
BNK-0000005,2023-04-27,CIF-92445,ATM,563.99,305225.54,Sylhet,Mobile,Pending,36-45,1
BNK-0000006,2023-03-05,CIF-65565,Debit,729.12,146623.76,Chittagong,Web,Success,36-45,0
BNK-0000007,2023-01-24,CIF-81903,Debit,12871.03,4790.61,Sylhet,Branch,Success,18-25,0
BNK-0000008,2023-07-20,CIF-95652,Credit,3198.96,323915.35,Sylhet,Mobile,Success,46-60,0
BNK-0000009,2023-03-04,CIF-78352,ATM,2079.53,305539.14,Sylhet,ATM,Success,36-45,0
BNK-0000010,2023-03-22,CIF-84850,Debit,20450.7,288688.37,Dhanmondi,Web,Success,36-45,0
BNK-0000011,2023-01-26,CIF-85434,Debit,1060.18,259811.99,Dhaka Main,Mobile,Success,36-45,0
BNK-0000012,2023-03-11,CIF-55341,Debit,501.77,376063.27,Gulshan,Branch,Success,26-35,0
BNK-0000013,2023-04-21,CIF-65024,Debit,388.5,401888.05,Dhanmondi,Web,Success,26-35,0
BNK-0000014,2023-04-24,CIF-17406,Credit,43571.11,13235.05,Dhanmondi,ATM,Success,36-45,0
BNK-0000015,2023-04-06,CIF-76197,Debit,2379.22,395023.05,Gulshan,ATM,Success,18-25,0
BNK-0000016,2023-04-05,CIF-84082,Debit,6732.99,122974.42,Gulshan,ATM,Success,46-60,0
BNK-0000017,2023-02-28,CIF-63712,Credit,2688.58,37590.92,Dhanmondi,Web,Success,36-45,0
BNK-0000018,2023-11-30,CIF-49154,Debit,2263.75,26715.61,Gulshan,Mobile,Success,60+,0
BNK-0000019,2023-11-19,CIF-69408,Debit,1350.12,86325.02,Sylhet,Web,Success,46-60,0
BNK-0000020,2023-06-10,CIF-39246,Debit,3569.65,94655.07,Dhanmondi,Web,Success,26-35,1
BNK-0000021,2023-11-14,CIF-45848,Transfer,1247.26,129299.85,Dhanmondi,Branch,Success,46-60,0
BNK-0000022,2023-03-25,CIF-87945,Debit,1212.93,100291.98,Dhanmondi,Mobile,Pending,26-35,0
BNK-0000023,2023-02-25,CIF-27116,Credit,7034.56,450216.68,Chittagong,Web,Success,36-45,0
BNK-0000024,2023-10-06,CIF-36860,Debit,145.94,252955.72,Dhaka Main,Mobile,Success,26-35,0
BNK-0000025,2023-08-06,CIF-29672,Credit,5636.41,188388.4,Sylhet,Web,Failed,26-35,0
BNK-0000026,2023-05-23,CIF-27424,Transfer,374.21,374112.6,Gulshan,ATM,Success,26-35,0
BNK-0000027,2023-08-03,CIF-99611,Debit,32729.6,108688.57,Dhanmondi,Mobile,Success,36-45,0
BNK-0000028,2023-07-26,CIF-24221,Debit,474.87,228831.62,Chittagong,Branch,Success,26-35,0
BNK-0000029,2023-03-20,CIF-95731,Debit,1181.8,407785.63,Sylhet,Mobile,Pending,26-35,0
BNK-0000030,2023-06-02,CIF-22671,Debit,1110.0,71701.26,Dhanmondi,Web,Success,36-45,0
BNK-0000031,2023-09-08,CIF-50551,Transfer,15146.77,425393.13,Chittagong,Web,Success,36-45,0
BNK-0000032,2023-10-24,CIF-80535,Debit,5347.86,383781.71,Dhaka Main,Branch,Success,26-35,0
BNK-0000033,2023-01-17,CIF-87135,Credit,918.88,293224.73,Chittagong,Branch,Failed,36-45,0
BNK-0000034,2023-11-06,CIF-41505,Transfer,1971.96,91964.19,Dhanmondi,Mobile,Success,36-45,0
BNK-0000035,2023-06-26,CIF-75595,Debit,1278.49,434726.24,Dhanmondi,Web,Success,60+,0
BNK-0000036,2023-02-03,CIF-39404,Debit,1657.49,375263.9,Gulshan,Mobile,Success,36-45,0
BNK-0000037,2023-08-21,CIF-79476,Credit,23886.18,84364.04,Gulshan,Mobile,Success,36-45,0
BNK-0000038,2023-09-14,CIF-74486,Credit,2117.23,497988.88,Gulshan,ATM,Success,18-25,0
BNK-0000039,2023-03-23,CIF-33296,Transfer,1479.0,308128.58,Dhanmondi,ATM,Success,60+,0
BNK-0000040,2023-09-16,CIF-90504,ATM,23169.65,17290.34,Dhaka Main,Mobile,Success,36-45,0
BNK-0000041,2023-05-04,CIF-51317,Credit,9442.11,216322.66,Sylhet,Mobile,Success,26-35,0
BNK-0000042,2023-08-24,CIF-49736,Credit,3298.67,280262.93,Dhanmondi,Mobile,Success,18-25,0
BNK-0000043,2023-06-07,CIF-55551,Debit,61916.2,410878.26,Sylhet,Web,Success,18-25,0
BNK-0000044,2023-09-12,CIF-89434,ATM,4250.08,308118.02,Chittagong,Mobile,Success,36-45,0
BNK-0000045,2023-04-22,CIF-11435,Debit,6328.33,204754.55,Dhaka Main,Web,Success,36-45,0
BNK-0000046,2023-07-26,CIF-74811,Transfer,47013.49,401100.8,Sylhet,Mobile,Success,26-35,0
BNK-0000047,2023-11-10,CIF-72066,Debit,8681.28,233980.51,Sylhet,ATM,Success,36-45,0
BNK-0000048,2023-12-22,CIF-58831,ATM,3242.89,16649.05,Sylhet,ATM,Success,46-60,0
BNK-0000049,2023-04-04,CIF-40522,ATM,37949.49,422115.25,Dhanmondi,Web,Success,26-35,0
BNK-0000050,2023-12-04,CIF-16216,Transfer,9204.6,74770.59,Dhanmondi,Mobile,Success,36-45,0
BNK-0000051,2023-08-29,CIF-68675,Transfer,11343.41,176872.76,Chittagong,ATM,Success,18-25,0
BNK-0000052,2023-12-01,CIF-80873,Transfer,1531.51,492679.86,Chittagong,Web,Success,36-45,0
BNK-0000053,2023-07-31,CIF-12179,Debit,2952.18,419946.21,Chittagong,Web,Success,18-25,0
BNK-0000054,2023-06-18,CIF-30224,Credit,14363.2,184128.23,Gulshan,Mobile,Success,26-35,0
BNK-0000055,2023-08-11,CIF-89876,Debit,410.71,167618.13,Gulshan,ATM,Success,26-35,0
BNK-0000056,2023-02-21,CIF-52564,Debit,686.85,84498.03,Chittagong,Branch,Success,36-45,0
BNK-0000057,2023-06-21,CIF-26801,Transfer,1798.19,92694.62,Chittagong,Web,Success,18-25,0
BNK-0000058,2023-12-03,CIF-25558,Transfer,243.16,193764.97,Gulshan,Web,Success,36-45,0
BNK-0000059,2023-02-07,CIF-31001,Debit,2386.61,229443.49,Sylhet,Branch,Success,36-45,0
BNK-0000060,2023-04-27,CIF-31991,Transfer,1110.48,359428.08,Dhanmondi,Branch,Success,26-35,0
BNK-0000061,2023-05-20,CIF-92702,ATM,17232.84,221467.65,Dhanmondi,Mobile,Success,46-60,0
BNK-0000062,2023-03-31,CIF-79978,Credit,1845.65,421570.05,Dhaka Main,ATM,Success,36-45,0
BNK-0000063,2023-11-26,CIF-44979,Transfer,6978.29,92338.42,Dhanmondi,Branch,Success,26-35,0
BNK-0000064,2023-10-12,CIF-35164,Debit,477.94,391242.18,Gulshan,Mobile,Success,26-35,0
BNK-0000065,2023-03-08,CIF-84563,Debit,2219.8,143657.34,Chittagong,ATM,Success,46-60,0
BNK-0000066,2023-11-05,CIF-93470,Debit,1194.96,38345.17,Gulshan,Mobile,Success,36-45,0
BNK-0000067,2023-03-11,CIF-21245,ATM,781.48,333074.58,Gulshan,ATM,Success,36-45,0
BNK-0000068,2023-08-25,CIF-10626,Debit,8063.51,119814.47,Sylhet,ATM,Success,46-60,0
BNK-0000069,2023-03-09,CIF-56627,Credit,1392.8,234811.39,Sylhet,Mobile,Success,26-35,0
BNK-0000070,2023-07-20,CIF-54024,Debit,8329.56,109729.79,Dhaka Main,Web,Success,46-60,0
BNK-0000071,2023-07-12,CIF-68116,Debit,81772.95,223411.3,Dhanmondi,Mobile,Success,26-35,0
BNK-0000072,2023-09-06,CIF-88652,Credit,3285.79,11917.81,Chittagong,Web,Success,36-45,0
BNK-0000073,2023-01-03,CIF-34928,Credit,105.85,25072.58,Dhanmondi,ATM,Success,26-35,0
BNK-0000074,2023-03-20,CIF-30803,Credit,132.18,118542.76,Gulshan,Branch,Success,18-25,0
BNK-0000075,2023-04-28,CIF-63941,Credit,8064.48,304846.93,Sylhet,Branch,Failed,26-35,0
BNK-0000076,2023-09-09,CIF-40191,Debit,2095.1,424894.73,Dhaka Main,Web,Success,36-45,0
BNK-0000077,2023-01-13,CIF-58645,Credit,869.9,129924.77,Chittagong,Mobile,Success,46-60,0
BNK-0000078,2023-06-26,CIF-57182,Debit,3590.38,135403.3,Gulshan,ATM,Success,26-35,0
BNK-0000079,2023-03-21,CIF-65533,Debit,1360.69,63917.51,Chittagong,ATM,Success,60+,0
BNK-0000080,2023-05-05,CIF-69616,Credit,43662.95,67550.46,Gulshan,Mobile,Success,36-45,0
BNK-0000081,2023-01-29,CIF-15558,Credit,59.71,379044.23,Chittagong,Web,Success,46-60,0
BNK-0000082,2023-11-26,CIF-34720,Credit,248.29,422527.07,Dhaka Main,Mobile,Success,26-35,0
BNK-0000083,2023-02-24,CIF-96184,Credit,768.86,374578.9,Dhanmondi,Mobile,Success,18-25,0
BNK-0000084,2023-08-28,CIF-98709,Credit,1035.48,232194.08,Dhaka Main,Mobile,Success,36-45,0
BNK-0000085,2023-07-10,CIF-21219,Credit,673.91,41125.02,Dhanmondi,Branch,Failed,18-25,0
BNK-0000086,2023-02-17,CIF-86519,Credit,2369.94,339457.36,Chittagong,Web,Success,46-60,0
BNK-0000087,2023-10-30,CIF-29845,Debit,21019.04,51070.33,Sylhet,Web,Success,26-35,0
BNK-0000088,2023-11-23,CIF-56804,ATM,407.88,154733.69,Gulshan,Branch,Success,60+,0
BNK-0000089,2023-05-11,CIF-74792,Credit,5715.52,13818.71,Chittagong,Mobile,Success,46-60,0
BNK-0000090,2023-09-24,CIF-85924,Credit,947.55,321648.11,Sylhet,ATM,Pending,26-35,0
BNK-0000091,2023-10-05,CIF-38063,ATM,5620.93,45554.83,Dhanmondi,ATM,Success,26-35,0
BNK-0000092,2023-06-24,CIF-62472,Credit,15500.59,92475.38,Gulshan,ATM,Pending,46-60,0
BNK-0000093,2023-07-06,CIF-12877,Debit,5466.79,443050.58,Chittagong,Mobile,Success,36-45,0
BNK-0000094,2023-10-22,CIF-20579,Debit,4929.31,51002.78,Dhaka Main,Mobile,Success,36-45,0
BNK-0000095,2023-02-15,CIF-81005,Credit,7843.59,119575.0,Dhaka Main,Web,Success,26-35,0
BNK-0000096,2023-06-17,CIF-52760,Credit,3148.99,188129.4,Sylhet,Mobile,Success,46-60,0
BNK-0000097,2023-06-29,CIF-19705,ATM,1137.84,496187.79,Dhanmondi,Web,Success,26-35,0
BNK-0000098,2023-05-14,CIF-23320,Credit,24483.21,306518.9,Dhaka Main,ATM,Success,18-25,0
BNK-0000099,2023-04-28,CIF-27552,Debit,74863.91,351294.86,Gulshan,Mobile,Success,18-25,0
BNK-0000100,2023-08-28,CIF-31558,Debit,11437.1,186198.86,Chittagong,Mobile,Failed,36-45,0
BNK-0000101,2023-10-14,CIF-31410,Credit,2081.31,466357.29,Dhaka Main,Mobile,Success,36-45,0
BNK-0000102,2023-12-06,CIF-17480,Credit,1087.36,268039.8,Chittagong,Mobile,Success,18-25,0
BNK-0000103,2023-02-09,CIF-99684,Debit,43801.57,6442.58,Chittagong,Mobile,Success,60+,0
BNK-0000104,2023-12-15,CIF-45425,Debit,898.63,197580.37,Sylhet,ATM,Success,36-45,0
BNK-0000105,2023-07-08,CIF-33293,Transfer,134.18,28931.18,Sylhet,ATM,Failed,26-35,0
BNK-0000106,2023-08-09,CIF-39793,Transfer,2399.66,171762.86,Dhanmondi,ATM,Success,60+,0
BNK-0000107,2023-11-03,CIF-60149,Debit,56496.95,87770.41,Chittagong,Mobile,Success,36-45,1
BNK-0000108,2023-09-07,CIF-54062,Credit,163.18,12934.01,Gulshan,Mobile,Success,36-45,0
BNK-0000109,2023-01-19,CIF-49444,Debit,1519.88,79024.59,Dhaka Main,Mobile,Success,36-45,0
BNK-0000110,2023-02-04,CIF-36712,Credit,3068.3,382246.08,Gulshan,Web,Success,46-60,0
BNK-0000111,2023-11-21,CIF-92084,Credit,13013.98,103680.48,Chittagong,Mobile,Success,60+,0
BNK-0000112,2023-08-05,CIF-87530,Credit,745.75,166042.25,Dhaka Main,Web,Pending,18-25,0
BNK-0000113,2023-04-11,CIF-55808,Debit,1115.53,112132.09,Gulshan,Mobile,Success,36-45,0
BNK-0000114,2023-10-09,CIF-32616,Credit,140.78,417642.18,Sylhet,Mobile,Success,26-35,0
BNK-0000115,2023-02-13,CIF-24802,Transfer,101.42,364256.02,Dhaka Main,Web,Success,26-35,0
BNK-0000116,2023-03-20,CIF-45354,Transfer,4505.71,50531.02,Dhanmondi,Mobile,Success,26-35,0
BNK-0000117,2023-09-06,CIF-51274,Debit,1281.9,258374.31,Chittagong,ATM,Success,46-60,1
BNK-0000118,2023-12-14,CIF-22171,Credit,712.7,287609.98,Dhaka Main,Mobile,Success,26-35,0
BNK-0000119,2023-02-26,CIF-73811,Credit,166.27,408393.67,Dhaka Main,Mobile,Success,18-25,0
BNK-0000120,2023-05-24,CIF-88327,Debit,18429.67,146622.3,Chittagong,Mobile,Success,18-25,0
BNK-0000121,2023-09-11,CIF-84956,ATM,255.12,187479.03,Dhanmondi,ATM,Success,36-45,0
BNK-0000122,2023-11-16,CIF-25240,Debit,750.09,276468.52,Chittagong,Web,Success,26-35,0
BNK-0000123,2023-11-20,CIF-77377,Debit,35012.06,89076.69,Chittagong,Mobile,Success,26-35,0
BNK-0000124,2023-04-10,CIF-31490,Debit,155.88,225802.68,Dhaka Main,Mobile,Success,36-45,0
BNK-0000125,2023-01-09,CIF-39009,Debit,3961.08,437007.29,Chittagong,Web,Success,36-45,0
BNK-0000126,2023-01-17,CIF-64030,Credit,6618.19,41054.52,Sylhet,ATM,Failed,26-35,0
BNK-0000127,2023-10-11,CIF-51984,Transfer,2339.97,240237.14,Dhanmondi,Mobile,Success,36-45,1
BNK-0000128,2023-08-08,CIF-64357,Transfer,1161.55,355897.17,Sylhet,Web,Success,60+,1
BNK-0000129,2023-08-07,CIF-19956,Credit,7753.09,487959.27,Sylhet,Mobile,Success,26-35,0
BNK-0000130,2023-01-16,CIF-74776,Credit,1309.82,78384.44,Dhaka Main,Mobile,Success,36-45,0
BNK-0000131,2023-07-06,CIF-57884,Debit,129.38,316447.83,Dhanmondi,Mobile,Success,26-35,0
BNK-0000132,2023-08-15,CIF-15399,Debit,23813.15,178748.84,Chittagong,Web,Success,36-45,0
BNK-0000133,2023-08-01,CIF-57891,ATM,167.8,468225.14,Sylhet,Branch,Success,26-35,0
BNK-0000134,2023-11-18,CIF-27395,Credit,1544.07,32824.76,Dhanmondi,Mobile,Failed,26-35,0
BNK-0000135,2023-03-25,CIF-39212,Credit,7246.76,119509.23,Dhanmondi,ATM,Success,46-60,1
BNK-0000136,2023-12-22,CIF-25859,Debit,6005.84,368487.09,Dhanmondi,ATM,Success,36-45,0
BNK-0000137,2023-03-23,CIF-44826,Credit,3535.67,186284.8,Sylhet,ATM,Success,26-35,0
BNK-0000138,2023-07-06,CIF-82597,Credit,16252.76,168735.05,Sylhet,Web,Success,36-45,0
BNK-0000139,2023-06-23,CIF-14694,ATM,22124.25,414380.06,Sylhet,Mobile,Success,26-35,0
BNK-0000140,2023-08-17,CIF-49351,Credit,4444.03,318086.91,Sylhet,Web,Success,26-35,0
BNK-0000141,2023-11-29,CIF-16951,Transfer,1771.56,364431.61,Gulshan,Web,Success,36-45,0
BNK-0000142,2023-02-07,CIF-57250,Credit,713.95,35276.23,Dhaka Main,Web,Success,26-35,0
BNK-0000143,2023-05-10,CIF-96331,Debit,61393.51,466581.23,Chittagong,Mobile,Success,36-45,0
BNK-0000144,2023-05-18,CIF-72624,Credit,2136.76,101868.38,Dhaka Main,Mobile,Success,18-25,0
BNK-0000145,2023-11-04,CIF-98697,Debit,30770.23,440613.43,Dhanmondi,Mobile,Failed,60+,0
BNK-0000146,2023-05-19,CIF-23420,Transfer,1259.82,60461.97,Chittagong,ATM,Success,36-45,0
BNK-0000147,2023-01-29,CIF-48585,Credit,1553.68,436908.45,Dhanmondi,Mobile,Success,26-35,0
BNK-0000148,2023-08-05,CIF-36375,Debit,3406.8,360447.65,Sylhet,Mobile,Success,26-35,0
BNK-0000149,2023-12-04,CIF-56594,Credit,1469.47,412665.85,Gulshan,Web,Success,36-45,0
BNK-0000150,2023-03-08,CIF-11654,ATM,1807.28,81288.37,Gulshan,ATM,Success,26-35,0
BNK-0000151,2023-10-16,CIF-40749,Transfer,1717.74,494996.53,Sylhet,Web,Failed,26-35,0
BNK-0000152,2023-05-28,CIF-52960,Debit,2528.69,26803.45,Chittagong,Web,Success,36-45,0
BNK-0000153,2023-05-22,CIF-16214,Debit,984.36,174676.03,Chittagong,ATM,Success,18-25,0
BNK-0000154,2023-04-16,CIF-59770,Debit,6298.83,110241.62,Dhaka Main,Mobile,Success,18-25,0
BNK-0000155,2023-07-08,CIF-59863,Debit,4196.89,220449.62,Chittagong,Mobile,Success,36-45,0
BNK-0000156,2023-11-01,CIF-17874,Debit,13209.76,205520.29,Dhanmondi,Web,Success,46-60,0
BNK-0000157,2023-10-30,CIF-52444,Transfer,5852.15,450480.54,Sylhet,Mobile,Success,36-45,1
BNK-0000158,2023-08-18,CIF-41896,Debit,421.96,499923.3,Dhaka Main,Branch,Success,36-45,0
BNK-0000159,2023-10-11,CIF-43839,Debit,8380.67,177484.4,Dhaka Main,Web,Success,36-45,0
BNK-0000160,2023-01-05,CIF-45194,Credit,3321.48,116208.16,Sylhet,ATM,Success,36-45,0
BNK-0000161,2023-10-30,CIF-81489,Credit,495.33,400684.07,Dhanmondi,Mobile,Success,46-60,0
BNK-0000162,2023-12-20,CIF-10353,ATM,68652.93,1263.1,Dhaka Main,Web,Success,26-35,0
BNK-0000163,2023-02-24,CIF-90882,ATM,10367.62,347563.37,Chittagong,Mobile,Pending,26-35,0
BNK-0000164,2023-03-31,CIF-29385,Credit,767.99,462067.63,Chittagong,Mobile,Success,26-35,0
BNK-0000165,2023-04-12,CIF-99425,Debit,1673.48,481323.62,Dhaka Main,Web,Success,36-45,0
BNK-0000166,2023-03-15,CIF-99292,Transfer,10850.27,215083.7,Sylhet,Web,Success,18-25,0
BNK-0000167,2023-11-12,CIF-98158,Credit,426.51,209078.26,Dhaka Main,Mobile,Success,36-45,0
BNK-0000168,2023-03-17,CIF-70005,ATM,6097.66,26920.85,Dhaka Main,ATM,Success,26-35,0
BNK-0000169,2023-10-22,CIF-55441,Debit,201.83,290638.39,Chittagong,Mobile,Success,18-25,0
BNK-0000170,2023-03-01,CIF-41618,Credit,899.07,188478.35,Dhanmondi,Web,Success,36-45,0
BNK-0000171,2023-11-19,CIF-83516,Debit,1008.96,77014.0,Gulshan,Mobile,Success,26-35,0
BNK-0000172,2023-08-20,CIF-89292,ATM,2652.86,230932.08,Chittagong,Web,Success,36-45,0
BNK-0000173,2023-03-08,CIF-72719,Debit,12755.78,159260.67,Dhaka Main,Mobile,Success,26-35,0
BNK-0000174,2023-02-16,CIF-48543,Transfer,25592.16,99071.12,Dhanmondi,Mobile,Pending,26-35,0
BNK-0000175,2023-01-26,CIF-93683,Transfer,916.87,233589.34,Sylhet,Mobile,Success,46-60,0
BNK-0000176,2023-05-08,CIF-54380,Credit,4789.69,405500.66,Chittagong,ATM,Success,46-60,0
BNK-0000177,2023-07-11,CIF-75531,Credit,6437.33,428561.19,Dhaka Main,Web,Success,26-35,0
BNK-0000178,2023-04-06,CIF-79117,Debit,2558.47,351088.94,Sylhet,Mobile,Success,60+,0
BNK-0000179,2023-05-06,CIF-48297,Debit,989.76,177503.33,Sylhet,Web,Success,36-45,0
BNK-0000180,2023-12-21,CIF-71761,Credit,1201.41,333599.26,Gulshan,ATM,Success,36-45,1
BNK-0000181,2023-05-06,CIF-59204,Transfer,3640.33,123358.12,Chittagong,Web,Success,26-35,0
BNK-0000182,2023-02-06,CIF-63225,Debit,2791.17,334242.19,Gulshan,Web,Success,36-45,0
BNK-0000183,2023-02-12,CIF-59163,Credit,282.66,132225.17,Dhanmondi,Web,Success,36-45,0
BNK-0000184,2023-05-08,CIF-94757,Credit,241.6,81172.39,Dhaka Main,Mobile,Success,36-45,0
BNK-0000185,2023-03-25,CIF-66227,Credit,645.53,428774.59,Dhanmondi,Mobile,Success,26-35,0
BNK-0000186,2023-02-13,CIF-79841,Credit,11915.23,160204.34,Chittagong,Web,Success,46-60,0
BNK-0000187,2023-07-28,CIF-26476,Debit,402.25,469926.75,Gulshan,Branch,Success,26-35,0
BNK-0000188,2023-06-24,CIF-90436,Transfer,2666.85,173631.33,Dhaka Main,Branch,Pending,26-35,0
BNK-0000189,2023-10-28,CIF-31550,Credit,950.27,465868.97,Chittagong,Mobile,Success,26-35,0
BNK-0000190,2023-09-30,CIF-55050,Debit,1038.88,10350.53,Sylhet,ATM,Success,26-35,0
BNK-0000191,2023-08-31,CIF-15640,Debit,1372.79,491462.03,Dhaka Main,ATM,Success,46-60,0
BNK-0000192,2023-11-30,CIF-55532,ATM,586.79,251903.25,Dhanmondi,ATM,Success,36-45,0
BNK-0000193,2023-08-15,CIF-17929,Debit,1255.6,406661.87,Gulshan,Mobile,Pending,46-60,0
BNK-0000194,2023-02-10,CIF-40304,Debit,13926.77,149664.6,Chittagong,Mobile,Success,36-45,0
BNK-0000195,2023-09-26,CIF-30150,Credit,43949.15,71439.39,Sylhet,Mobile,Success,36-45,0
BNK-0000196,2023-12-30,CIF-18253,ATM,2039.77,41111.17,Dhanmondi,Mobile,Success,46-60,0
BNK-0000197,2023-03-02,CIF-47724,Credit,2613.17,11687.54,Sylhet,Branch,Success,36-45,0
BNK-0000198,2023-11-21,CIF-86138,Transfer,527.38,499570.4,Sylhet,Mobile,Success,36-45,0
BNK-0000199,2023-07-15,CIF-32294,Debit,5995.99,96547.89,Dhanmondi,Mobile,Success,26-35,0
BNK-0000200,2023-10-10,CIF-29627,Credit,13140.14,457216.67,Dhaka Main,Web,Success,18-25,0
BNK-0000201,2023-01-06,CIF-74767,Credit,9234.33,483321.45,Chittagong,Mobile,Success,26-35,0
BNK-0000202,2023-05-30,CIF-10020,Transfer,1611.18,132041.96,Chittagong,Mobile,Success,36-45,0
BNK-0000203,2023-10-08,CIF-65181,ATM,107.65,217610.34,Dhaka Main,Web,Success,36-45,0
BNK-0000204,2023-12-04,CIF-63991,Debit,627.56,50418.88,Dhanmondi,Mobile,Success,46-60,0
BNK-0000205,2023-01-06,CIF-48644,Transfer,4489.36,473470.18,Dhaka Main,Web,Success,36-45,0
BNK-0000206,2023-06-01,CIF-90318,Credit,8307.39,91638.01,Dhaka Main,Branch,Success,36-45,0
BNK-0000207,2023-07-29,CIF-48633,Debit,1913.92,265878.98,Gulshan,Web,Success,36-45,0
BNK-0000208,2023-09-18,CIF-63527,Debit,17842.51,154828.54,Gulshan,Mobile,Success,26-35,0
BNK-0000209,2023-07-10,CIF-60461,ATM,19333.47,140827.42,Dhanmondi,Mobile,Success,26-35,0
BNK-0000210,2023-07-25,CIF-54717,Debit,3517.02,186452.23,Dhanmondi,Web,Success,36-45,0
BNK-0000211,2023-06-10,CIF-44538,Credit,3371.75,466251.64,Sylhet,Mobile,Failed,26-35,0
BNK-0000212,2023-03-25,CIF-13865,ATM,3826.26,90802.91,Gulshan,Web,Success,60+,0
BNK-0000213,2023-08-26,CIF-18080,Credit,396.25,411877.19,Chittagong,Branch,Success,46-60,0
BNK-0000214,2023-02-08,CIF-60799,ATM,1068.6,398710.05,Dhaka Main,Web,Success,36-45,0
BNK-0000215,2023-02-06,CIF-93681,Debit,1354.6,125357.41,Dhanmondi,Web,Success,18-25,0
BNK-0000216,2023-06-17,CIF-93928,ATM,3732.5,198711.08,Gulshan,ATM,Success,18-25,0
BNK-0000217,2023-05-08,CIF-28904,Credit,4630.57,312756.69,Gulshan,Web,Success,26-35,0
BNK-0000218,2023-09-08,CIF-91214,Credit,1158.51,274520.0,Sylhet,Mobile,Success,36-45,0
BNK-0000219,2023-02-17,CIF-85544,Transfer,334.2,21646.37,Dhanmondi,ATM,Failed,60+,0
BNK-0000220,2023-11-13,CIF-77150,Debit,3837.55,333987.24,Dhaka Main,Web,Success,26-35,0
BNK-0000221,2023-11-21,CIF-89614,Debit,3928.89,258254.92,Gulshan,Mobile,Success,46-60,0
BNK-0000222,2023-05-31,CIF-72031,Debit,14903.13,153028.12,Gulshan,Mobile,Success,36-45,0
BNK-0000223,2023-01-13,CIF-60632,Debit,110206.3,492270.91,Sylhet,Mobile,Success,26-35,0
BNK-0000224,2023-12-20,CIF-97598,Credit,1898.01,329524.29,Chittagong,Branch,Success,26-35,0
BNK-0000225,2023-11-17,CIF-69587,Credit,3370.3,394232.09,Gulshan,ATM,Success,46-60,0
BNK-0000226,2023-04-12,CIF-94700,Debit,1888.81,305639.4,Dhanmondi,Web,Success,46-60,0
BNK-0000227,2023-09-11,CIF-78146,Credit,3567.02,151884.41,Gulshan,Mobile,Success,26-35,0
BNK-0000228,2023-02-07,CIF-97199,Credit,25226.21,148382.46,Sylhet,Web,Success,36-45,0
BNK-0000229,2023-11-20,CIF-18820,Credit,1654.79,27628.05,Dhanmondi,Mobile,Success,36-45,0
BNK-0000230,2023-08-06,CIF-72994,Credit,42228.32,470588.21,Chittagong,Mobile,Success,60+,0
BNK-0000231,2023-07-24,CIF-43966,Debit,3531.03,106167.07,Sylhet,Mobile,Success,26-35,0
BNK-0000232,2023-09-16,CIF-52026,Credit,1263.67,75114.89,Gulshan,Mobile,Success,36-45,0
BNK-0000233,2023-01-05,CIF-61810,Transfer,4331.9,230540.09,Sylhet,Web,Success,60+,0
BNK-0000234,2023-06-03,CIF-15610,Transfer,213.77,110275.54,Dhaka Main,Mobile,Success,36-45,0
BNK-0000235,2023-05-09,CIF-98097,Transfer,87617.13,77102.07,Sylhet,Mobile,Success,26-35,0
BNK-0000236,2023-08-20,CIF-20875,Credit,2561.43,93917.96,Dhaka Main,Web,Success,18-25,0
BNK-0000237,2023-11-18,CIF-11732,Debit,41854.18,114872.0,Dhanmondi,Web,Success,46-60,0
BNK-0000238,2023-11-11,CIF-96511,Credit,8449.71,37972.9,Sylhet,Web,Success,26-35,0
BNK-0000239,2023-09-18,CIF-71388,Debit,7277.83,158304.57,Chittagong,Branch,Success,26-35,0
BNK-0000240,2023-05-01,CIF-85600,Credit,3527.46,484006.24,Chittagong,Mobile,Success,26-35,0
BNK-0000241,2023-01-11,CIF-62768,Debit,1309.38,413466.31,Dhanmondi,Mobile,Success,36-45,0
BNK-0000242,2023-04-04,CIF-51927,Transfer,3671.65,234609.13,Gulshan,Branch,Success,46-60,0
BNK-0000243,2023-01-15,CIF-95347,Transfer,28097.75,192251.74,Gulshan,Web,Failed,26-35,0
BNK-0000244,2023-04-30,CIF-51116,Transfer,21629.09,330618.22,Dhaka Main,ATM,Success,18-25,0
BNK-0000245,2023-07-28,CIF-23308,Debit,8428.29,494010.42,Gulshan,Mobile,Success,18-25,0
BNK-0000246,2023-04-14,CIF-31409,Credit,9294.46,1377.01,Chittagong,Branch,Success,36-45,0
BNK-0000247,2023-01-30,CIF-50587,Credit,10767.2,91122.81,Sylhet,Mobile,Success,36-45,0
BNK-0000248,2023-04-02,CIF-92177,Debit,21230.92,411864.24,Sylhet,Mobile,Success,26-35,0
BNK-0000249,2023-05-18,CIF-55470,Credit,19430.76,36657.39,Gulshan,ATM,Success,18-25,0
BNK-0000250,2023-10-26,CIF-24150,ATM,2474.31,155076.44,Gulshan,Mobile,Success,26-35,0
BNK-0000251,2023-07-21,CIF-12002,Credit,1638.93,462078.15,Dhaka Main,Branch,Success,36-45,0
BNK-0000252,2023-09-20,CIF-11207,Transfer,35062.31,89841.13,Dhanmondi,Web,Success,18-25,0
BNK-0000253,2023-10-30,CIF-80926,Debit,3491.3,498871.33,Chittagong,ATM,Success,18-25,0
BNK-0000254,2023-01-15,CIF-85843,Debit,17289.04,125103.56,Dhaka Main,ATM,Success,36-45,1
BNK-0000255,2023-06-24,CIF-32322,Debit,4873.5,105149.05,Dhanmondi,Mobile,Success,18-25,0
BNK-0000256,2023-04-10,CIF-92629,Debit,7563.49,119124.12,Gulshan,Branch,Success,36-45,0
BNK-0000257,2023-10-09,CIF-19823,Debit,2250.34,441546.34,Dhaka Main,Mobile,Success,26-35,0
BNK-0000258,2023-04-19,CIF-51152,Transfer,10744.44,499318.6,Dhaka Main,Mobile,Success,18-25,0
BNK-0000259,2023-08-08,CIF-19393,Credit,254.58,456267.03,Sylhet,Web,Success,36-45,0
BNK-0000260,2023-09-11,CIF-69125,Transfer,1783.18,112959.5,Sylhet,Web,Success,26-35,0
BNK-0000261,2023-11-04,CIF-90668,Credit,9173.28,134394.23,Chittagong,ATM,Failed,36-45,0
BNK-0000262,2023-06-08,CIF-12782,ATM,488.05,67650.13,Dhaka Main,ATM,Failed,18-25,0
BNK-0000263,2023-01-02,CIF-97659,Debit,1207.15,106698.24,Chittagong,Branch,Success,26-35,0
BNK-0000264,2023-03-18,CIF-70476,Debit,1906.58,417245.59,Chittagong,ATM,Success,26-35,0
BNK-0000265,2023-07-10,CIF-73500,Debit,96382.93,14827.18,Chittagong,Branch,Success,36-45,0
BNK-0000266,2023-11-25,CIF-37267,Debit,32134.09,225024.09,Chittagong,Web,Pending,18-25,0
BNK-0000267,2023-04-12,CIF-80325,Transfer,2839.42,435464.83,Gulshan,Web,Success,26-35,0
BNK-0000268,2023-01-19,CIF-38014,Credit,148.46,324864.63,Chittagong,Branch,Success,60+,0
BNK-0000269,2023-07-06,CIF-74906,Debit,5699.39,449971.91,Sylhet,Web,Success,26-35,0
BNK-0000270,2023-07-07,CIF-80822,Debit,4246.51,73487.83,Dhaka Main,Mobile,Success,60+,0
BNK-0000271,2023-05-28,CIF-13178,Debit,564.9,44187.82,Sylhet,Mobile,Success,36-45,0
BNK-0000272,2023-02-25,CIF-69915,Credit,175.2,326900.16,Gulshan,ATM,Success,46-60,0
BNK-0000273,2023-05-25,CIF-68806,Credit,294.09,65710.19,Sylhet,Branch,Success,36-45,0
BNK-0000274,2023-02-21,CIF-67929,Credit,24240.03,20972.81,Dhanmondi,Web,Success,26-35,0
BNK-0000275,2023-05-14,CIF-35652,Transfer,3083.37,375264.82,Dhanmondi,Mobile,Success,18-25,0
BNK-0000276,2023-07-16,CIF-64788,Transfer,1655.9,40542.71,Dhanmondi,ATM,Success,18-25,0
BNK-0000277,2023-02-18,CIF-64753,Credit,3464.9,408395.05,Sylhet,Mobile,Success,26-35,0
BNK-0000278,2023-11-17,CIF-68801,Credit,2649.36,20951.88,Gulshan,Branch,Success,60+,0
BNK-0000279,2023-06-27,CIF-57593,Credit,41704.46,266995.51,Gulshan,Mobile,Success,60+,0
BNK-0000280,2023-04-19,CIF-94035,Credit,2654.55,195330.85,Chittagong,Mobile,Success,36-45,0
BNK-0000281,2023-04-08,CIF-51428,Debit,309.43,27931.85,Gulshan,Web,Success,26-35,0
BNK-0000282,2023-10-07,CIF-68522,ATM,2683.26,162498.01,Chittagong,Mobile,Success,26-35,0
BNK-0000283,2023-10-16,CIF-89126,Transfer,9884.14,41704.81,Gulshan,Web,Success,26-35,0
BNK-0000284,2023-03-30,CIF-49607,Credit,35752.12,494403.74,Dhaka Main,ATM,Success,26-35,0
BNK-0000285,2023-04-09,CIF-18656,ATM,431.75,396492.48,Dhanmondi,Web,Pending,26-35,0
BNK-0000286,2023-08-03,CIF-53446,Debit,2429.45,153252.91,Dhanmondi,ATM,Success,18-25,0
BNK-0000287,2023-01-02,CIF-45859,Credit,12634.71,472348.55,Dhaka Main,Mobile,Pending,36-45,0
BNK-0000288,2023-06-08,CIF-96656,Debit,4099.97,451123.78,Gulshan,Web,Success,36-45,0
BNK-0000289,2023-01-21,CIF-89409,Debit,1016.65,259754.87,Dhanmondi,Branch,Success,36-45,0
BNK-0000290,2023-12-20,CIF-13835,Transfer,12182.57,291397.91,Gulshan,ATM,Success,26-35,0
BNK-0000291,2023-09-14,CIF-57199,Debit,323.15,208958.41,Dhaka Main,Mobile,Success,36-45,0
BNK-0000292,2023-09-16,CIF-80764,Debit,35973.75,482861.04,Dhaka Main,Mobile,Pending,36-45,0
BNK-0000293,2023-10-11,CIF-13927,Credit,4892.25,393164.68,Sylhet,Web,Success,36-45,0
BNK-0000294,2023-02-25,CIF-74565,Debit,402.25,349063.25,Sylhet,Mobile,Success,36-45,0
BNK-0000295,2023-06-01,CIF-60445,Debit,1063.11,359619.51,Gulshan,ATM,Success,18-25,0
BNK-0000296,2023-11-04,CIF-51665,Debit,4790.17,385313.72,Sylhet,Branch,Success,18-25,0
BNK-0000297,2023-07-22,CIF-41074,Debit,15243.9,239065.89,Dhaka Main,Mobile,Success,26-35,0
BNK-0000298,2023-07-19,CIF-98531,Transfer,10919.79,327542.01,Dhaka Main,Web,Success,36-45,0
BNK-0000299,2023-11-12,CIF-81182,Debit,14538.26,334081.55,Chittagong,Mobile,Success,18-25,0
BNK-0000300,2023-07-29,CIF-58520,Transfer,19084.07,303184.48,Gulshan,Mobile,Success,26-35,0
BNK-0000301,2023-12-31,CIF-83876,Credit,1265.75,280936.87,Dhaka Main,ATM,Success,26-35,0
BNK-0000302,2023-07-16,CIF-27107,Credit,14575.11,250758.05,Sylhet,Web,Success,26-35,0
BNK-0000303,2023-01-22,CIF-62938,Credit,9327.96,246198.37,Dhanmondi,Web,Success,18-25,0
BNK-0000304,2023-08-27,CIF-13825,Debit,2523.66,209894.71,Chittagong,Web,Success,46-60,0
BNK-0000305,2023-07-17,CIF-42626,Debit,461.05,111577.12,Chittagong,Web,Success,18-25,0
BNK-0000306,2023-12-17,CIF-89769,Debit,350.34,203286.37,Gulshan,Web,Success,26-35,0
BNK-0000307,2023-11-09,CIF-70374,Credit,1877.93,498528.51,Gulshan,Branch,Success,18-25,0
BNK-0000308,2023-01-05,CIF-43496,Debit,1977.7,125137.77,Chittagong,Mobile,Success,36-45,0
BNK-0000309,2023-02-05,CIF-39631,Debit,9442.57,438206.73,Dhaka Main,ATM,Success,46-60,0
BNK-0000310,2023-02-02,CIF-42294,Credit,1947.37,32758.97,Chittagong,ATM,Success,46-60,0
BNK-0000311,2023-08-28,CIF-94739,Credit,3924.64,138358.4,Gulshan,Branch,Failed,26-35,0
BNK-0000312,2023-02-22,CIF-62777,Debit,1809.95,463929.13,Dhaka Main,Mobile,Failed,36-45,0
BNK-0000313,2023-12-18,CIF-40088,ATM,17477.68,457299.25,Dhanmondi,Mobile,Success,46-60,0
BNK-0000314,2023-10-04,CIF-80508,Debit,3519.03,191108.15,Dhanmondi,Web,Success,26-35,0
BNK-0000315,2023-07-13,CIF-15286,Debit,9350.05,371241.42,Sylhet,Web,Failed,26-35,0
BNK-0000316,2023-09-07,CIF-68763,Debit,13578.39,441347.85,Chittagong,Web,Success,26-35,0
BNK-0000317,2023-11-01,CIF-18836,Credit,995.8,117415.35,Dhaka Main,Mobile,Success,26-35,0
BNK-0000318,2023-11-18,CIF-25031,Debit,11966.6,457582.39,Sylhet,Mobile,Success,36-45,0
BNK-0000319,2023-07-27,CIF-88065,Transfer,4387.99,327324.4,Gulshan,ATM,Failed,60+,0
BNK-0000320,2023-07-13,CIF-44770,Debit,1625.6,208543.72,Dhaka Main,Mobile,Success,18-25,0
BNK-0000321,2023-04-13,CIF-66362,Debit,112019.11,59286.35,Chittagong,Branch,Success,26-35,0
BNK-0000322,2023-08-10,CIF-26975,ATM,7886.54,434278.66,Sylhet,Branch,Success,26-35,0
BNK-0000323,2023-01-26,CIF-49240,Debit,231.72,139239.06,Dhanmondi,Mobile,Failed,18-25,0
BNK-0000324,2023-03-19,CIF-80605,Debit,2755.3,244834.94,Dhaka Main,ATM,Success,18-25,0
BNK-0000325,2023-05-30,CIF-29155,Credit,9441.36,280016.12,Gulshan,Web,Success,46-60,0
BNK-0000326,2023-07-07,CIF-51029,Credit,38747.34,48428.21,Chittagong,Web,Success,26-35,0
BNK-0000327,2023-07-29,CIF-88921,Transfer,2633.34,479625.36,Dhanmondi,Web,Success,26-35,0
BNK-0000328,2023-06-04,CIF-31549,Transfer,12376.33,173265.4,Sylhet,ATM,Success,36-45,0
BNK-0000329,2023-11-20,CIF-59403,Credit,7583.94,293658.71,Dhaka Main,Branch,Success,36-45,0
BNK-0000330,2023-03-14,CIF-30761,Credit,730.04,456255.98,Dhaka Main,Mobile,Success,36-45,0
BNK-0000331,2023-01-08,CIF-56798,ATM,2117.23,466017.98,Gulshan,Mobile,Success,26-35,0
BNK-0000332,2023-01-13,CIF-13719,Credit,95380.32,45803.07,Sylhet,Mobile,Success,60+,0
BNK-0000333,2023-06-02,CIF-11199,ATM,487.64,274494.97,Dhaka Main,Web,Success,18-25,0
BNK-0000334,2023-09-26,CIF-77216,Transfer,1758.3,302156.37,Dhaka Main,Web,Success,26-35,0
BNK-0000335,2023-03-01,CIF-64625,ATM,1473.57,60883.15,Sylhet,ATM,Success,26-35,0
BNK-0000336,2023-12-15,CIF-24703,Credit,2800.67,345677.41,Dhanmondi,Web,Success,18-25,0
BNK-0000337,2023-07-05,CIF-70350,Transfer,3520.62,96074.78,Dhaka Main,Web,Success,26-35,0
BNK-0000338,2023-08-08,CIF-28776,Credit,383.36,447960.38,Sylhet,Web,Success,36-45,0
BNK-0000339,2023-08-03,CIF-69258,Credit,1556.87,182157.87,Dhanmondi,Mobile,Success,36-45,0
BNK-0000340,2023-08-23,CIF-32325,Credit,8301.94,16728.96,Dhanmondi,Mobile,Success,36-45,0
BNK-0000341,2023-03-10,CIF-63894,Transfer,2118.89,407231.71,Chittagong,Mobile,Success,26-35,1
BNK-0000342,2023-07-02,CIF-23832,Transfer,35156.14,488429.66,Dhaka Main,Web,Success,18-25,0
BNK-0000343,2023-11-12,CIF-33333,Transfer,925.76,445957.83,Sylhet,ATM,Success,36-45,0
BNK-0000344,2023-06-16,CIF-27697,Credit,465.88,159793.19,Gulshan,Web,Success,26-35,0
BNK-0000345,2023-12-05,CIF-61705,Debit,1100.65,311144.57,Dhanmondi,Mobile,Failed,26-35,0
BNK-0000346,2023-01-28,CIF-48130,Debit,3652.05,22641.04,Dhaka Main,Mobile,Failed,26-35,0
BNK-0000347,2023-09-20,CIF-60068,Credit,1157.16,465558.17,Chittagong,Web,Success,36-45,0
BNK-0000348,2023-03-29,CIF-18778,Credit,121554.29,144152.12,Dhaka Main,Mobile,Success,36-45,0
BNK-0000349,2023-08-18,CIF-42134,Debit,324.24,233445.82,Dhanmondi,Mobile,Success,60+,0
BNK-0000350,2023-10-21,CIF-86539,Credit,222.21,202154.78,Dhanmondi,Web,Failed,26-35,0
BNK-0000351,2023-03-03,CIF-36923,Debit,9672.32,91883.61,Sylhet,Branch,Success,26-35,0
BNK-0000352,2023-03-20,CIF-98278,Credit,4274.66,426382.58,Chittagong,Web,Success,36-45,0
BNK-0000353,2023-12-11,CIF-97561,Credit,594.69,9114.61,Dhanmondi,Web,Success,36-45,0
BNK-0000354,2023-01-02,CIF-18279,Credit,642.06,297233.83,Gulshan,Mobile,Success,46-60,0
BNK-0000355,2023-12-16,CIF-96926,Credit,416.26,231139.17,Chittagong,Mobile,Failed,46-60,0
BNK-0000356,2023-08-18,CIF-26860,Debit,2094.11,311293.98,Dhanmondi,Branch,Success,36-45,0
BNK-0000357,2023-01-20,CIF-87729,Credit,6643.03,65707.1,Gulshan,Web,Success,18-25,0
BNK-0000358,2023-09-12,CIF-59660,Credit,11902.34,94849.54,Dhanmondi,ATM,Success,26-35,0
BNK-0000359,2023-03-21,CIF-34838,ATM,11885.86,363749.41,Gulshan,Web,Success,60+,0
BNK-0000360,2023-03-22,CIF-41531,Transfer,13976.49,379771.35,Sylhet,ATM,Success,36-45,0
BNK-0000361,2023-05-05,CIF-35670,Debit,4003.75,179107.97,Dhaka Main,Mobile,Success,36-45,0
BNK-0000362,2023-03-03,CIF-59035,Credit,514.15,175848.72,Gulshan,ATM,Success,36-45,0
BNK-0000363,2023-04-21,CIF-41081,Debit,9716.84,260134.38,Sylhet,Mobile,Success,26-35,0
BNK-0000364,2023-06-04,CIF-83464,Debit,27353.96,358418.72,Dhaka Main,Web,Success,26-35,0
BNK-0000365,2023-11-09,CIF-95205,Debit,240786.54,358485.46,Dhanmondi,ATM,Success,26-35,0
BNK-0000366,2023-03-31,CIF-85652,Credit,13340.54,292532.92,Chittagong,ATM,Success,18-25,0
BNK-0000367,2023-01-22,CIF-96035,Debit,1719.43,154770.57,Chittagong,Mobile,Success,18-25,0
BNK-0000368,2023-08-28,CIF-72174,Credit,14163.2,161268.54,Dhaka Main,Mobile,Pending,36-45,0
BNK-0000369,2023-04-01,CIF-94180,Credit,7005.24,23863.03,Dhanmondi,ATM,Success,26-35,0
BNK-0000370,2023-11-19,CIF-26974,Credit,3667.35,119027.38,Gulshan,Mobile,Success,36-45,0
BNK-0000371,2023-06-12,CIF-19861,Credit,33.25,249851.76,Dhaka Main,ATM,Success,36-45,0
BNK-0000372,2023-11-01,CIF-38585,Debit,976.4,416287.0,Dhaka Main,Mobile,Success,26-35,0
BNK-0000373,2023-01-28,CIF-75726,ATM,1905.99,412355.81,Dhanmondi,ATM,Success,36-45,0
BNK-0000374,2023-06-07,CIF-26866,Debit,155.35,87393.46,Chittagong,Mobile,Success,46-60,0
BNK-0000375,2023-06-11,CIF-95435,ATM,8554.36,101745.46,Dhaka Main,Mobile,Success,26-35,0
BNK-0000376,2023-06-24,CIF-19932,Transfer,8135.26,231536.28,Dhanmondi,Branch,Success,46-60,0
BNK-0000377,2023-06-04,CIF-67707,Debit,3503.01,100531.78,Sylhet,Mobile,Success,60+,0
BNK-0000378,2023-07-09,CIF-29594,Credit,3053.96,302501.12,Gulshan,ATM,Success,26-35,0
BNK-0000379,2023-09-10,CIF-56855,Credit,1098.29,491028.4,Dhanmondi,Mobile,Success,36-45,0
BNK-0000380,2023-09-29,CIF-97062,Credit,2619.83,257895.51,Dhaka Main,ATM,Success,46-60,0
BNK-0000381,2023-02-13,CIF-92048,Transfer,7837.25,328506.89,Chittagong,Mobile,Success,60+,0
BNK-0000382,2023-12-06,CIF-45369,Transfer,750.54,43104.87,Sylhet,Mobile,Success,18-25,0
BNK-0000383,2023-06-13,CIF-41604,Credit,31454.79,86330.77,Sylhet,Mobile,Success,26-35,0
BNK-0000384,2023-08-18,CIF-48207,Credit,1295.17,496826.28,Dhaka Main,Web,Failed,26-35,0
BNK-0000385,2023-07-14,CIF-14396,Debit,2607.35,437738.73,Chittagong,Web,Success,26-35,0
BNK-0000386,2023-08-04,CIF-82241,Debit,24457.21,407886.41,Chittagong,Mobile,Success,60+,0
BNK-0000387,2023-06-01,CIF-83467,Debit,1523.22,408955.3,Gulshan,Web,Success,36-45,0
BNK-0000388,2023-05-12,CIF-26373,Transfer,3947.19,439664.17,Gulshan,Branch,Success,26-35,0
BNK-0000389,2023-01-14,CIF-61801,Transfer,353.16,26247.44,Gulshan,Branch,Success,26-35,0
BNK-0000390,2023-06-30,CIF-57852,ATM,184.21,228342.24,Sylhet,Web,Success,18-25,0
BNK-0000391,2023-11-30,CIF-44749,Debit,1682.63,166118.84,Dhaka Main,Web,Failed,18-25,0
BNK-0000392,2023-12-10,CIF-68439,ATM,1295.38,119126.64,Dhanmondi,Web,Pending,36-45,0
BNK-0000393,2023-07-06,CIF-85490,ATM,516.61,15196.72,Dhanmondi,ATM,Success,26-35,0
BNK-0000394,2023-03-10,CIF-87267,ATM,1261.96,436694.7,Dhaka Main,Branch,Success,18-25,0
BNK-0000395,2023-04-05,CIF-83356,Debit,9210.43,171635.19,Gulshan,ATM,Success,26-35,0
BNK-0000396,2023-10-10,CIF-92995,Transfer,1182.44,289184.66,Dhanmondi,Mobile,Success,36-45,0
BNK-0000397,2023-01-14,CIF-55735,Debit,385.99,270814.1,Chittagong,Web,Success,36-45,0
BNK-0000398,2023-10-15,CIF-13635,Debit,6499.69,193684.34,Gulshan,Web,Success,26-35,0
BNK-0000399,2023-03-30,CIF-70762,ATM,2887.11,246221.99,Chittagong,Mobile,Success,36-45,0
BNK-0000400,2023-10-08,CIF-51836,Credit,28742.7,492731.99,Chittagong,Web,Success,26-35,0
BNK-0000401,2023-03-09,CIF-46106,Credit,3773.02,44617.9,Sylhet,ATM,Success,26-35,0
BNK-0000402,2023-06-20,CIF-16792,Transfer,7216.02,283863.33,Chittagong,ATM,Failed,36-45,0
BNK-0000403,2023-02-11,CIF-30998,Debit,246.84,17897.94,Chittagong,ATM,Success,36-45,0
BNK-0000404,2023-11-14,CIF-12518,Credit,29702.25,131223.0,Chittagong,Mobile,Success,36-45,0
BNK-0000405,2023-01-06,CIF-16679,Credit,12023.67,210067.45,Gulshan,Mobile,Success,46-60,0
BNK-0000406,2023-12-28,CIF-55223,Credit,1900.09,216200.66,Chittagong,Mobile,Success,36-45,0
BNK-0000407,2023-08-29,CIF-11324,Transfer,1271.06,254374.62,Gulshan,Web,Pending,26-35,0
BNK-0000408,2023-02-18,CIF-90471,Debit,7833.0,467509.11,Gulshan,Web,Success,60+,0
BNK-0000409,2023-09-21,CIF-59480,Debit,13214.94,349713.55,Dhaka Main,ATM,Success,26-35,0
BNK-0000410,2023-10-29,CIF-47794,Transfer,737.23,178065.59,Gulshan,Mobile,Success,36-45,0
BNK-0000411,2023-09-08,CIF-44811,Debit,255.51,214077.85,Dhaka Main,Mobile,Success,36-45,0
BNK-0000412,2023-01-23,CIF-41722,Debit,642.81,442963.99,Gulshan,Web,Failed,36-45,0
BNK-0000413,2023-09-25,CIF-61053,Debit,326.97,46961.69,Dhanmondi,Web,Failed,18-25,0
BNK-0000414,2023-08-09,CIF-41871,ATM,6506.32,87039.46,Dhanmondi,Web,Success,26-35,0
BNK-0000415,2023-01-01,CIF-14656,Debit,14600.57,13857.39,Gulshan,Mobile,Success,36-45,0
BNK-0000416,2023-12-13,CIF-42324,Credit,2683.75,384182.46,Sylhet,Web,Success,18-25,0
BNK-0000417,2023-06-11,CIF-61526,Transfer,597.82,255004.07,Gulshan,Web,Success,26-35,0
BNK-0000418,2023-10-26,CIF-90898,Debit,11053.55,200507.97,Sylhet,Branch,Success,18-25,0
BNK-0000419,2023-11-07,CIF-77468,Credit,4551.24,495810.02,Chittagong,Mobile,Success,18-25,0
BNK-0000420,2023-02-07,CIF-82968,Transfer,5768.48,359793.24,Chittagong,Mobile,Success,46-60,1
BNK-0000421,2023-10-17,CIF-43919,Transfer,1835.53,252075.75,Dhaka Main,Mobile,Success,26-35,0
BNK-0000422,2023-09-18,CIF-58169,Transfer,11195.67,444340.52,Gulshan,Mobile,Success,36-45,0
BNK-0000423,2023-03-30,CIF-68596,Debit,310.29,14418.99,Dhanmondi,Mobile,Success,18-25,0
BNK-0000424,2023-07-08,CIF-71133,Credit,5477.32,454976.48,Sylhet,Web,Success,26-35,0
BNK-0000425,2023-03-18,CIF-41084,Debit,3004.54,125719.47,Sylhet,ATM,Success,18-25,0
BNK-0000426,2023-03-17,CIF-82930,Transfer,25480.16,49301.09,Gulshan,Branch,Failed,26-35,0
BNK-0000427,2023-10-24,CIF-64213,Debit,45628.3,497550.96,Sylhet,ATM,Success,26-35,0
BNK-0000428,2023-01-18,CIF-67292,Transfer,2393.05,4943.73,Sylhet,Mobile,Success,46-60,0
BNK-0000429,2023-09-27,CIF-46201,Credit,5290.44,208338.57,Sylhet,ATM,Success,36-45,1
BNK-0000430,2023-05-03,CIF-14199,Debit,4101.45,378565.8,Sylhet,ATM,Success,46-60,0
BNK-0000431,2023-04-11,CIF-59645,Credit,502.15,257639.08,Sylhet,Branch,Success,26-35,0
BNK-0000432,2023-05-29,CIF-73995,Credit,5392.01,238709.97,Dhaka Main,ATM,Success,46-60,0
BNK-0000433,2023-04-13,CIF-81628,Credit,11031.66,404682.89,Sylhet,Mobile,Success,26-35,0
BNK-0000434,2023-08-15,CIF-84377,Transfer,16818.37,421552.63,Sylhet,Mobile,Success,36-45,0
BNK-0000435,2023-04-16,CIF-27189,Transfer,14524.63,119050.81,Dhanmondi,ATM,Success,46-60,0
BNK-0000436,2023-02-22,CIF-19846,Credit,5715.01,5661.03,Dhaka Main,Web,Success,36-45,1
BNK-0000437,2023-12-05,CIF-44174,Credit,810.76,371329.45,Gulshan,Branch,Success,26-35,0
BNK-0000438,2023-05-20,CIF-96734,Transfer,88801.18,255516.95,Sylhet,ATM,Success,18-25,0
BNK-0000439,2023-04-06,CIF-21808,Debit,5893.49,222809.15,Gulshan,Web,Success,36-45,0
BNK-0000440,2023-05-25,CIF-35291,Credit,3627.35,140559.49,Sylhet,ATM,Success,26-35,0
BNK-0000441,2023-12-16,CIF-57965,Credit,568.04,58445.38,Chittagong,Mobile,Success,26-35,0
BNK-0000442,2023-11-04,CIF-19622,Debit,2980.69,328066.59,Sylhet,Mobile,Success,18-25,0
BNK-0000443,2023-12-07,CIF-96926,Debit,277.53,395929.61,Dhaka Main,Mobile,Success,26-35,0
BNK-0000444,2023-07-17,CIF-55090,Debit,1882.37,293485.89,Gulshan,ATM,Success,26-35,0
BNK-0000445,2023-01-07,CIF-11155,ATM,3177.39,136991.91,Sylhet,Web,Success,36-45,0
BNK-0000446,2023-12-27,CIF-54150,Transfer,3618.26,262192.6,Gulshan,Web,Success,26-35,0
BNK-0000447,2023-11-29,CIF-47643,Debit,3379.89,64967.85,Dhaka Main,ATM,Success,18-25,0
BNK-0000448,2023-07-03,CIF-21069,Debit,284.93,474781.14,Sylhet,Mobile,Success,60+,0
BNK-0000449,2023-11-13,CIF-54747,Credit,13397.67,315713.5,Dhaka Main,Branch,Success,26-35,0
BNK-0000450,2023-09-28,CIF-78980,Transfer,335.2,490183.34,Dhaka Main,Mobile,Success,36-45,0
BNK-0000451,2023-07-16,CIF-59792,ATM,7727.57,9506.2,Gulshan,Web,Success,36-45,0
BNK-0000452,2023-10-30,CIF-47588,ATM,11552.2,281487.14,Gulshan,ATM,Success,26-35,0
BNK-0000453,2023-07-08,CIF-24137,Debit,7418.66,102346.05,Gulshan,Web,Success,18-25,0
BNK-0000454,2023-07-15,CIF-58181,Credit,2117.5,86733.51,Sylhet,Mobile,Success,36-45,0
BNK-0000455,2023-07-12,CIF-20949,Credit,4797.12,9800.05,Gulshan,Web,Success,18-25,0
BNK-0000456,2023-11-05,CIF-93857,Debit,742.05,255901.52,Chittagong,Branch,Success,26-35,0
BNK-0000457,2023-08-23,CIF-72304,Credit,2387.19,236324.38,Dhanmondi,Mobile,Success,60+,0
BNK-0000458,2023-06-19,CIF-97130,Debit,5991.64,356772.38,Sylhet,Web,Failed,36-45,0
BNK-0000459,2023-12-25,CIF-25565,ATM,705.01,214080.09,Dhaka Main,Mobile,Success,36-45,0
BNK-0000460,2023-06-12,CIF-17754,Transfer,3255.46,412680.79,Dhanmondi,ATM,Success,46-60,0
BNK-0000461,2023-05-06,CIF-50422,Credit,26785.09,268396.3,Chittagong,Mobile,Success,36-45,0
BNK-0000462,2023-07-08,CIF-80042,ATM,8116.5,55469.86,Gulshan,Mobile,Success,36-45,0
BNK-0000463,2023-09-21,CIF-94080,Debit,13837.98,484580.67,Dhaka Main,Mobile,Success,46-60,0
BNK-0000464,2023-06-17,CIF-24417,Credit,5232.92,402454.25,Dhanmondi,Mobile,Success,18-25,0
BNK-0000465,2023-06-08,CIF-96458,Debit,5668.82,61579.89,Dhanmondi,Mobile,Success,26-35,0
BNK-0000466,2023-10-18,CIF-13109,Credit,692.87,13623.73,Sylhet,Mobile,Success,60+,0
BNK-0000467,2023-04-05,CIF-55099,Transfer,2398.43,304422.42,Dhanmondi,Web,Success,46-60,0
BNK-0000468,2023-09-02,CIF-50761,Debit,2732.46,418506.94,Chittagong,Branch,Success,36-45,0
BNK-0000469,2023-09-04,CIF-70846,Debit,485.36,218452.96,Chittagong,ATM,Success,26-35,0
BNK-0000470,2023-08-23,CIF-40113,Credit,1071.36,492656.23,Dhanmondi,Web,Success,18-25,0
BNK-0000471,2023-04-12,CIF-29047,Transfer,1638.34,77859.85,Chittagong,Mobile,Success,18-25,0
BNK-0000472,2023-01-15,CIF-42121,Transfer,699.02,409266.21,Dhaka Main,Branch,Success,18-25,0
BNK-0000473,2023-08-22,CIF-39689,Transfer,14659.53,236498.91,Sylhet,Branch,Success,18-25,0
BNK-0000474,2023-08-05,CIF-47501,Credit,1889.16,119082.34,Gulshan,Web,Success,46-60,0
BNK-0000475,2023-03-09,CIF-58963,Debit,3306.64,446831.89,Chittagong,ATM,Success,36-45,0
BNK-0000476,2023-12-24,CIF-17095,Debit,20135.52,169855.87,Chittagong,Mobile,Success,36-45,0
BNK-0000477,2023-06-15,CIF-78337,Credit,966.08,7625.21,Gulshan,Mobile,Success,46-60,0
BNK-0000478,2023-02-15,CIF-80243,Transfer,88.81,385848.45,Dhaka Main,Mobile,Success,18-25,0
BNK-0000479,2023-03-30,CIF-77710,Credit,21195.33,10754.46,Gulshan,Mobile,Success,36-45,0
BNK-0000480,2023-07-25,CIF-77123,Credit,8567.63,126388.52,Dhanmondi,Mobile,Pending,26-35,0
BNK-0000481,2023-09-22,CIF-44337,Debit,18859.15,50949.65,Chittagong,Web,Success,46-60,0
BNK-0000482,2023-02-20,CIF-19188,Debit,2128.99,496746.94,Dhanmondi,Web,Success,26-35,0
BNK-0000483,2023-08-14,CIF-54504,Transfer,792.84,336539.34,Gulshan,Web,Success,46-60,0
BNK-0000484,2023-10-15,CIF-39663,Credit,69.8,242429.06,Sylhet,Web,Success,26-35,0
BNK-0000485,2023-01-23,CIF-75273,Credit,25992.45,39569.27,Sylhet,Branch,Success,36-45,0
BNK-0000486,2023-12-23,CIF-56303,Transfer,641.81,294483.18,Gulshan,Mobile,Success,36-45,0
BNK-0000487,2023-07-18,CIF-21417,Debit,1113.65,478291.47,Chittagong,Mobile,Success,26-35,0
BNK-0000488,2023-03-15,CIF-17890,Credit,1347.86,354158.63,Gulshan,Mobile,Success,18-25,0
BNK-0000489,2023-12-23,CIF-75661,Debit,300.7,494788.58,Sylhet,Web,Success,36-45,0
BNK-0000490,2023-03-30,CIF-31695,Credit,35622.09,445504.87,Chittagong,Web,Success,36-45,0
BNK-0000491,2023-03-29,CIF-99133,Transfer,1468.5,140347.67,Gulshan,Branch,Success,26-35,0
BNK-0000492,2023-09-14,CIF-46239,Debit,1357.66,401527.53,Sylhet,ATM,Success,26-35,0
BNK-0000493,2023-08-06,CIF-27448,Credit,4905.63,398300.82,Chittagong,Mobile,Success,26-35,0
BNK-0000494,2023-08-27,CIF-98273,Debit,2246.84,497193.31,Gulshan,ATM,Success,36-45,0
BNK-0000495,2023-11-17,CIF-72627,Transfer,166342.0,426246.94,Chittagong,ATM,Success,60+,0
BNK-0000496,2023-07-09,CIF-93918,Credit,23541.12,59607.82,Dhaka Main,Web,Success,26-35,0
BNK-0000497,2023-07-26,CIF-32035,Transfer,3299.73,367212.1,Dhanmondi,Mobile,Success,46-60,0
BNK-0000498,2023-05-26,CIF-11963,ATM,693.65,133090.98,Dhanmondi,Web,Success,26-35,0
BNK-0000499,2023-02-13,CIF-57753,Debit,13664.86,158982.28,Dhanmondi,Mobile,Success,36-45,1
BNK-0000500,2023-03-11,CIF-27047,Transfer,2728.43,63325.4,Chittagong,Mobile,Success,46-60,0
BNK-0000501,2023-08-21,CIF-28559,Credit,902.34,73946.86,Dhanmondi,Mobile,Success,26-35,0
BNK-0000502,2023-07-25,CIF-26876,ATM,2239.73,158701.38,Chittagong,Mobile,Success,26-35,0
BNK-0000503,2023-10-18,CIF-41405,Debit,2726.35,494433.47,Dhaka Main,ATM,Success,18-25,0
BNK-0000504,2023-07-21,CIF-56693,Credit,1273.35,150962.3,Sylhet,Web,Success,36-45,0
BNK-0000505,2023-02-18,CIF-67189,Debit,2481.59,359075.24,Gulshan,Mobile,Success,18-25,0
BNK-0000506,2023-07-09,CIF-53503,Transfer,1348.69,408160.34,Sylhet,Web,Success,36-45,0
BNK-0000507,2023-12-23,CIF-85184,Debit,12165.87,455569.54,Sylhet,Web,Success,18-25,0
BNK-0000508,2023-03-21,CIF-22677,Debit,1262.57,75167.78,Dhaka Main,Web,Success,26-35,0
BNK-0000509,2023-09-14,CIF-15989,ATM,1093.77,457419.15,Chittagong,Web,Pending,46-60,0
BNK-0000510,2023-10-22,CIF-80489,Credit,2654.38,385831.1,Sylhet,Mobile,Success,46-60,0
BNK-0000511,2023-05-11,CIF-40136,Debit,37837.83,10146.33,Dhanmondi,Mobile,Success,36-45,0
BNK-0000512,2023-09-15,CIF-38029,Credit,1902.91,341905.86,Dhanmondi,Mobile,Pending,36-45,0
BNK-0000513,2023-10-06,CIF-87801,Credit,3038.61,20359.17,Chittagong,Branch,Success,26-35,0
BNK-0000514,2023-09-02,CIF-45824,Credit,4657.08,217669.66,Dhaka Main,Mobile,Success,46-60,0
BNK-0000515,2023-05-22,CIF-39805,Debit,1013.94,220691.01,Dhanmondi,Web,Success,36-45,0
BNK-0000516,2023-07-12,CIF-97773,Credit,332.53,411658.61,Gulshan,Mobile,Success,46-60,0
BNK-0000517,2023-11-23,CIF-66599,ATM,9212.93,51239.55,Dhanmondi,Mobile,Success,46-60,0
BNK-0000518,2023-07-01,CIF-28829,Debit,517.34,141169.67,Dhanmondi,Mobile,Pending,36-45,0
BNK-0000519,2023-06-09,CIF-72376,Transfer,4620.96,243542.28,Chittagong,Web,Success,36-45,0
BNK-0000520,2023-07-16,CIF-96995,Transfer,2578.4,460135.23,Dhanmondi,Branch,Success,26-35,0
BNK-0000521,2023-12-27,CIF-97149,Debit,2527.58,306471.41,Dhanmondi,Web,Success,46-60,0
BNK-0000522,2023-09-20,CIF-51872,Debit,15132.52,372534.39,Sylhet,Web,Success,18-25,0
BNK-0000523,2023-06-28,CIF-23056,Credit,48.17,270922.0,Sylhet,ATM,Success,26-35,0
BNK-0000524,2023-09-27,CIF-36270,Credit,6298.28,4286.27,Chittagong,Web,Success,46-60,0
BNK-0000525,2023-12-24,CIF-52652,Transfer,736.88,417031.8,Dhaka Main,Web,Success,26-35,0
BNK-0000526,2023-06-24,CIF-25133,Debit,561.61,110971.05,Dhaka Main,Mobile,Success,46-60,0
BNK-0000527,2023-08-05,CIF-16675,ATM,9879.83,497886.86,Dhanmondi,ATM,Success,36-45,0
BNK-0000528,2023-07-24,CIF-57439,Debit,3699.68,44835.79,Chittagong,Web,Success,36-45,0
BNK-0000529,2023-09-08,CIF-17626,ATM,5290.98,317044.33,Dhanmondi,ATM,Success,26-35,0
BNK-0000530,2023-10-17,CIF-43597,Credit,374.87,486228.37,Dhaka Main,Branch,Success,46-60,0
BNK-0000531,2023-07-06,CIF-14602,ATM,1090.81,244660.05,Sylhet,ATM,Success,46-60,0
BNK-0000532,2023-06-21,CIF-19059,Credit,1275.61,395343.67,Gulshan,Branch,Failed,60+,0
BNK-0000533,2023-04-05,CIF-41166,Debit,1241.63,437237.79,Sylhet,ATM,Success,36-45,0
BNK-0000534,2023-01-08,CIF-97522,Transfer,7913.91,472513.84,Dhaka Main,ATM,Success,18-25,0
BNK-0000535,2023-01-29,CIF-64645,Debit,5659.61,199917.77,Dhaka Main,Mobile,Success,46-60,0
BNK-0000536,2023-12-04,CIF-29895,Debit,2741.53,488520.22,Gulshan,Mobile,Success,18-25,0
BNK-0000537,2023-07-25,CIF-18409,Debit,2325.56,251695.82,Sylhet,Mobile,Success,26-35,0
BNK-0000538,2023-09-16,CIF-50804,Debit,230.33,447671.22,Gulshan,Mobile,Success,18-25,0
BNK-0000539,2023-07-13,CIF-83545,Transfer,9722.25,203184.42,Gulshan,Web,Success,18-25,0
BNK-0000540,2023-08-26,CIF-19424,Debit,2363.35,71594.61,Dhanmondi,Web,Success,36-45,0
BNK-0000541,2023-03-31,CIF-38591,Transfer,1457.79,334914.29,Dhanmondi,Mobile,Success,46-60,0
BNK-0000542,2023-06-22,CIF-35998,Credit,11467.09,373074.77,Dhanmondi,Web,Success,36-45,0
BNK-0000543,2023-07-12,CIF-89584,ATM,410.59,375859.15,Dhanmondi,Mobile,Success,46-60,0
BNK-0000544,2023-12-11,CIF-73930,Debit,1040.83,365575.24,Gulshan,ATM,Success,26-35,0
BNK-0000545,2023-10-05,CIF-56913,Credit,1263.95,238347.64,Sylhet,Web,Success,36-45,0
BNK-0000546,2023-04-15,CIF-34643,Debit,4684.46,66049.01,Gulshan,Mobile,Success,46-60,0
BNK-0000547,2023-12-19,CIF-65521,Debit,1099.57,480199.86,Gulshan,ATM,Success,26-35,0
BNK-0000548,2023-04-21,CIF-82485,Debit,2783.27,16903.09,Dhanmondi,ATM,Success,46-60,0
BNK-0000549,2023-06-30,CIF-66728,Credit,10469.93,212068.39,Gulshan,Web,Success,46-60,0
BNK-0000550,2023-08-03,CIF-80241,ATM,3209.12,381478.88,Sylhet,Web,Success,36-45,1
BNK-0000551,2023-07-16,CIF-74726,Debit,3357.43,205651.47,Dhaka Main,Mobile,Success,36-45,0
BNK-0000552,2023-05-21,CIF-37724,Credit,13594.14,202317.56,Gulshan,Web,Success,26-35,0
BNK-0000553,2023-11-03,CIF-78505,Credit,2751.08,178147.08,Sylhet,Branch,Failed,26-35,0
BNK-0000554,2023-09-06,CIF-62773,Transfer,2168.68,102809.49,Chittagong,ATM,Success,46-60,0
BNK-0000555,2023-08-26,CIF-32001,Transfer,1055.27,360323.19,Sylhet,ATM,Success,36-45,0
BNK-0000556,2023-01-02,CIF-64207,Credit,2617.51,26067.47,Chittagong,Mobile,Pending,26-35,0
BNK-0000557,2023-03-08,CIF-35510,Debit,1384.28,396722.08,Chittagong,Branch,Success,26-35,0
BNK-0000558,2023-10-13,CIF-29118,Debit,1912.99,465741.48,Chittagong,Mobile,Success,26-35,0
BNK-0000559,2023-02-25,CIF-28556,Credit,827.13,316871.42,Gulshan,Mobile,Failed,36-45,0
BNK-0000560,2023-10-31,CIF-76780,ATM,425.89,385198.83,Dhanmondi,Mobile,Pending,26-35,0
BNK-0000561,2023-03-31,CIF-21874,Credit,1707.82,259087.58,Dhaka Main,Mobile,Failed,46-60,0
BNK-0000562,2023-05-05,CIF-12342,Credit,3259.0,392858.45,Dhanmondi,Web,Success,46-60,0
BNK-0000563,2023-01-15,CIF-30907,Debit,4270.17,40472.55,Sylhet,Web,Success,36-45,0
BNK-0000564,2023-03-19,CIF-74145,ATM,4855.89,426336.72,Chittagong,Branch,Success,36-45,0
BNK-0000565,2023-03-08,CIF-24388,Transfer,2728.84,18692.96,Gulshan,Mobile,Success,46-60,0
BNK-0000566,2023-02-10,CIF-80330,Credit,1260.05,12986.81,Dhanmondi,ATM,Success,26-35,0
BNK-0000567,2023-09-10,CIF-49776,Debit,15765.95,440940.35,Dhaka Main,ATM,Pending,26-35,0
BNK-0000568,2023-07-31,CIF-68868,Debit,7894.4,268767.26,Gulshan,ATM,Success,18-25,0
BNK-0000569,2023-03-07,CIF-89009,Debit,33964.19,209635.54,Dhanmondi,Web,Success,26-35,0
BNK-0000570,2023-05-23,CIF-72452,Transfer,5187.69,239853.06,Dhanmondi,Branch,Success,18-25,0
BNK-0000571,2023-08-06,CIF-86019,ATM,19825.34,8646.31,Dhanmondi,ATM,Success,26-35,0
BNK-0000572,2023-11-06,CIF-23016,Transfer,2641.67,254777.64,Dhaka Main,Web,Success,18-25,0
BNK-0000573,2023-03-31,CIF-44336,Credit,9625.09,155424.52,Gulshan,ATM,Success,26-35,0
BNK-0000574,2023-10-23,CIF-53874,Transfer,1796.8,112453.52,Dhaka Main,Mobile,Success,26-35,0
BNK-0000575,2023-07-20,CIF-87831,Transfer,3487.12,305202.44,Dhaka Main,Web,Success,26-35,0
BNK-0000576,2023-03-16,CIF-86487,Credit,5459.53,179686.01,Gulshan,Mobile,Success,36-45,0
BNK-0000577,2023-02-06,CIF-45865,Debit,1563.97,33299.43,Sylhet,Web,Success,36-45,0
BNK-0000578,2023-03-12,CIF-20959,Transfer,1607.99,396724.82,Dhaka Main,Web,Success,26-35,0
BNK-0000579,2023-01-04,CIF-64989,Debit,5779.46,26635.92,Gulshan,Mobile,Success,26-35,0
BNK-0000580,2023-02-26,CIF-54427,Credit,11941.08,111730.33,Dhanmondi,Branch,Success,26-35,0
BNK-0000581,2023-04-30,CIF-66365,Transfer,1858.88,86249.08,Dhanmondi,Branch,Failed,26-35,1
BNK-0000582,2023-12-20,CIF-14960,Debit,4239.16,161781.95,Chittagong,Mobile,Success,46-60,0
BNK-0000583,2023-07-07,CIF-61607,Credit,9092.51,300138.85,Sylhet,Mobile,Success,26-35,0
BNK-0000584,2023-05-18,CIF-57843,Debit,8010.47,344475.79,Sylhet,Web,Failed,36-45,1
BNK-0000585,2023-02-20,CIF-51558,Transfer,3563.42,370330.45,Dhanmondi,ATM,Success,26-35,0
BNK-0000586,2023-01-14,CIF-83316,Credit,3235.82,276198.34,Dhaka Main,Web,Success,26-35,0
BNK-0000587,2023-09-09,CIF-19587,Debit,3352.9,121605.09,Dhanmondi,ATM,Success,36-45,0
BNK-0000588,2023-03-27,CIF-35941,Credit,5578.81,375588.21,Chittagong,Web,Success,26-35,0
BNK-0000589,2023-12-31,CIF-79831,Transfer,278.06,106261.66,Sylhet,Web,Success,26-35,0
BNK-0000590,2023-04-26,CIF-53402,Transfer,1041.94,165522.11,Dhaka Main,Web,Success,26-35,0
BNK-0000591,2023-10-04,CIF-76402,Credit,4412.91,109221.96,Chittagong,Mobile,Success,46-60,0
BNK-0000592,2023-12-02,CIF-29158,Debit,184.54,411065.4,Chittagong,Web,Success,18-25,0
BNK-0000593,2023-08-12,CIF-68269,ATM,2442.41,410983.79,Dhaka Main,Branch,Success,36-45,0
BNK-0000594,2023-07-10,CIF-80708,Transfer,4254.17,5418.87,Chittagong,Web,Success,36-45,0
BNK-0000595,2023-08-10,CIF-73377,Credit,966.3,371707.38,Dhaka Main,Mobile,Success,26-35,0
BNK-0000596,2023-04-26,CIF-51430,Debit,8891.99,422147.99,Dhanmondi,Mobile,Success,46-60,0
BNK-0000597,2023-02-05,CIF-39782,Credit,17177.75,192346.59,Sylhet,ATM,Success,36-45,0
BNK-0000598,2023-12-21,CIF-36501,ATM,7486.16,392340.01,Chittagong,ATM,Success,36-45,0
BNK-0000599,2023-11-30,CIF-45625,Debit,1238.53,499831.29,Dhaka Main,Mobile,Success,46-60,0
BNK-0000600,2023-08-13,CIF-68849,Transfer,4025.6,477822.47,Gulshan,Mobile,Success,46-60,0
BNK-0000601,2023-09-12,CIF-29295,Transfer,285.17,401151.71,Sylhet,Web,Success,36-45,0
BNK-0000602,2023-07-15,CIF-86957,Credit,925.95,165138.97,Chittagong,Web,Success,26-35,0
BNK-0000603,2023-08-08,CIF-46542,ATM,94.39,393169.89,Dhaka Main,Mobile,Success,18-25,0
BNK-0000604,2023-08-03,CIF-80672,Transfer,116.26,38352.1,Dhanmondi,ATM,Success,46-60,0
BNK-0000605,2023-03-30,CIF-82802,Debit,322.48,314170.75,Dhaka Main,Mobile,Success,46-60,0
BNK-0000606,2023-09-16,CIF-81808,Debit,12624.03,286757.65,Sylhet,Mobile,Failed,36-45,0
BNK-0000607,2023-04-28,CIF-59923,Credit,113.02,297409.33,Dhanmondi,ATM,Success,26-35,0
BNK-0000608,2023-10-10,CIF-52773,Credit,812.19,62869.03,Gulshan,Branch,Success,46-60,0
BNK-0000609,2023-09-07,CIF-13304,Debit,1031.68,110528.57,Dhaka Main,Mobile,Success,36-45,0
BNK-0000610,2023-08-31,CIF-88086,Debit,9585.97,410309.38,Chittagong,Web,Success,18-25,0
BNK-0000611,2023-02-18,CIF-88267,Credit,132.91,411527.98,Gulshan,Mobile,Failed,18-25,0
BNK-0000612,2023-03-04,CIF-81096,Debit,1671.43,220245.2,Dhanmondi,ATM,Success,60+,0
BNK-0000613,2023-01-21,CIF-42558,Credit,16702.67,350394.28,Chittagong,Mobile,Success,18-25,0
BNK-0000614,2023-10-15,CIF-91336,Credit,3455.91,483904.06,Gulshan,ATM,Success,46-60,0
BNK-0000615,2023-03-03,CIF-51975,Debit,594.72,455808.92,Chittagong,Web,Success,26-35,0
BNK-0000616,2023-09-27,CIF-25701,Credit,3215.96,284765.17,Chittagong,Web,Success,26-35,0
BNK-0000617,2023-05-08,CIF-78264,Credit,1783.08,89305.85,Dhaka Main,Mobile,Success,26-35,0
BNK-0000618,2023-08-04,CIF-51869,Debit,1337.55,421045.35,Dhaka Main,Web,Success,18-25,0
BNK-0000619,2023-03-26,CIF-47923,Credit,743.15,273159.18,Chittagong,Mobile,Success,26-35,0
BNK-0000620,2023-08-07,CIF-37372,Debit,4496.32,200640.1,Sylhet,Mobile,Success,36-45,0
BNK-0000621,2023-05-29,CIF-38503,Credit,2816.6,103020.36,Dhaka Main,Mobile,Success,18-25,0
BNK-0000622,2023-09-07,CIF-38836,Debit,7606.29,392875.89,Dhaka Main,Mobile,Success,18-25,0
BNK-0000623,2023-10-01,CIF-39191,Debit,1761.64,381955.8,Dhanmondi,Web,Success,36-45,0
BNK-0000624,2023-08-29,CIF-26163,Debit,6278.43,175676.83,Dhanmondi,ATM,Success,26-35,0
BNK-0000625,2023-11-10,CIF-27073,Debit,4984.12,440666.03,Gulshan,Mobile,Success,18-25,0
BNK-0000626,2023-02-20,CIF-56062,Debit,2311.49,484130.17,Dhanmondi,Web,Success,26-35,0
BNK-0000627,2023-08-28,CIF-77826,Debit,2823.81,285063.81,Sylhet,Mobile,Success,26-35,0
BNK-0000628,2023-05-10,CIF-46651,Credit,625.31,412603.8,Chittagong,Web,Success,60+,0
BNK-0000629,2023-04-28,CIF-30542,Credit,14755.31,101002.41,Chittagong,Mobile,Success,26-35,0
BNK-0000630,2023-10-29,CIF-21684,Debit,5666.02,255885.47,Chittagong,Web,Pending,26-35,0
BNK-0000631,2023-08-07,CIF-33715,ATM,6228.97,136967.55,Sylhet,Web,Success,36-45,0
BNK-0000632,2023-08-03,CIF-31273,Debit,5471.66,30836.82,Sylhet,Web,Success,18-25,0
BNK-0000633,2023-09-06,CIF-76134,Debit,2745.74,218558.17,Gulshan,Mobile,Success,26-35,0
BNK-0000634,2023-03-04,CIF-71907,Transfer,539.78,148223.32,Chittagong,Mobile,Success,46-60,0
BNK-0000635,2023-09-12,CIF-78488,ATM,23860.08,14250.32,Dhanmondi,Mobile,Success,36-45,0
BNK-0000636,2023-12-15,CIF-71916,Debit,13745.11,66520.64,Chittagong,Mobile,Pending,26-35,0
BNK-0000637,2023-12-19,CIF-35955,Debit,4236.33,96061.77,Gulshan,ATM,Success,26-35,0
BNK-0000638,2023-03-26,CIF-11200,Debit,45563.15,47921.87,Gulshan,Mobile,Success,46-60,0
BNK-0000639,2023-09-19,CIF-28855,Credit,6008.11,163735.04,Dhaka Main,Mobile,Success,36-45,0
BNK-0000640,2023-09-26,CIF-58757,Debit,907.53,341768.43,Dhaka Main,Web,Success,36-45,0
BNK-0000641,2023-02-12,CIF-22149,Debit,603.29,102966.94,Dhanmondi,Web,Success,26-35,0
BNK-0000642,2023-05-08,CIF-33076,Credit,7480.44,471623.38,Dhaka Main,ATM,Success,26-35,0
BNK-0000643,2023-12-16,CIF-12456,Credit,25052.6,118386.86,Chittagong,Mobile,Success,46-60,0
BNK-0000644,2023-01-12,CIF-90181,Transfer,532.91,321260.56,Dhaka Main,Mobile,Failed,18-25,0
BNK-0000645,2023-12-26,CIF-97955,Credit,452.55,6535.64,Dhanmondi,Mobile,Success,46-60,0
BNK-0000646,2023-12-19,CIF-95985,ATM,328.3,123514.67,Dhanmondi,ATM,Failed,18-25,0
BNK-0000647,2023-12-30,CIF-48248,ATM,134443.5,169599.37,Dhanmondi,Mobile,Success,36-45,0
BNK-0000648,2023-04-26,CIF-72065,Debit,5091.92,276999.69,Gulshan,Web,Success,26-35,0
BNK-0000649,2023-09-01,CIF-54644,ATM,897.44,226828.29,Dhanmondi,Mobile,Success,26-35,1
BNK-0000650,2023-12-30,CIF-15212,Credit,10455.13,417245.99,Chittagong,Mobile,Success,36-45,0
BNK-0000651,2023-11-04,CIF-59346,Debit,538.07,265980.74,Dhanmondi,ATM,Success,26-35,0
BNK-0000652,2023-07-22,CIF-76355,Debit,22625.36,108772.54,Dhanmondi,Web,Success,18-25,0
BNK-0000653,2023-09-26,CIF-63755,Debit,821.47,158474.36,Dhanmondi,Web,Success,26-35,0
BNK-0000654,2023-04-19,CIF-44519,Debit,1897.11,121237.7,Dhanmondi,Web,Success,36-45,0
BNK-0000655,2023-10-10,CIF-49479,Transfer,42002.39,29324.04,Dhanmondi,Mobile,Success,46-60,0
BNK-0000656,2023-03-18,CIF-20996,Transfer,894.01,129393.0,Chittagong,Branch,Success,36-45,0
BNK-0000657,2023-10-10,CIF-72279,Debit,7260.97,13953.16,Sylhet,Mobile,Success,60+,0
BNK-0000658,2023-03-20,CIF-16860,ATM,628.6,325524.15,Sylhet,Web,Success,26-35,0
BNK-0000659,2023-10-05,CIF-16429,Transfer,2208.39,493001.67,Dhanmondi,Web,Success,60+,0
BNK-0000660,2023-07-24,CIF-82949,Credit,130.67,486515.83,Dhanmondi,Web,Success,18-25,0
BNK-0000661,2023-02-05,CIF-11890,ATM,5502.61,135900.63,Gulshan,ATM,Failed,46-60,0
BNK-0000662,2023-04-24,CIF-17097,Credit,445.84,230488.54,Chittagong,Web,Pending,26-35,0
BNK-0000663,2023-03-25,CIF-51322,Debit,3839.69,190098.84,Dhanmondi,ATM,Success,36-45,0
BNK-0000664,2023-02-04,CIF-76983,Debit,2682.98,468448.87,Chittagong,Web,Success,36-45,0
BNK-0000665,2023-03-12,CIF-25187,Transfer,10357.36,463368.59,Gulshan,Mobile,Success,36-45,0
BNK-0000666,2023-01-27,CIF-23123,Credit,1621.89,387454.5,Gulshan,Branch,Success,36-45,0
BNK-0000667,2023-12-20,CIF-88663,Debit,1618.49,430206.83,Sylhet,Web,Success,46-60,0
BNK-0000668,2023-04-27,CIF-96720,Debit,547.76,142278.1,Sylhet,Web,Success,46-60,0
BNK-0000669,2023-01-08,CIF-56190,Debit,3208.1,260785.83,Sylhet,Web,Success,18-25,0
BNK-0000670,2023-03-04,CIF-93527,Debit,1915.91,198293.64,Gulshan,ATM,Success,46-60,0
BNK-0000671,2023-12-10,CIF-57187,Transfer,4163.02,80354.9,Dhaka Main,Mobile,Success,36-45,0
BNK-0000672,2023-10-29,CIF-55583,Credit,704.36,363478.52,Chittagong,Web,Success,36-45,0
BNK-0000673,2023-09-19,CIF-23848,Credit,87008.02,191887.1,Dhanmondi,Web,Success,26-35,0
BNK-0000674,2023-07-05,CIF-41395,Debit,2051.89,462954.67,Sylhet,Web,Success,46-60,0
BNK-0000675,2023-08-29,CIF-72913,Debit,3107.0,376388.83,Sylhet,Web,Success,36-45,0
BNK-0000676,2023-08-08,CIF-23542,Debit,1347.02,12427.34,Dhanmondi,Branch,Success,26-35,0
BNK-0000677,2023-05-09,CIF-78519,Debit,2062.48,372246.15,Gulshan,ATM,Success,18-25,0
BNK-0000678,2023-05-02,CIF-94281,ATM,11701.33,271758.66,Chittagong,Mobile,Success,36-45,0
BNK-0000679,2023-07-12,CIF-24887,ATM,1147.23,266104.32,Sylhet,Web,Success,46-60,0
BNK-0000680,2023-02-19,CIF-25957,Debit,3422.12,298145.46,Dhaka Main,Mobile,Pending,36-45,0
BNK-0000681,2023-02-05,CIF-35596,Debit,22030.51,142902.47,Gulshan,Mobile,Success,26-35,0
BNK-0000682,2023-09-12,CIF-24157,Debit,2338.48,499440.17,Dhaka Main,ATM,Success,60+,0
BNK-0000683,2023-09-11,CIF-98669,Debit,880.06,246612.41,Gulshan,Web,Success,36-45,0
BNK-0000684,2023-07-12,CIF-67132,Debit,20793.69,125873.93,Sylhet,Mobile,Success,46-60,0
BNK-0000685,2023-03-07,CIF-82365,Credit,2507.57,361616.53,Dhaka Main,ATM,Success,36-45,0
BNK-0000686,2023-08-10,CIF-19370,Debit,11027.66,106519.96,Dhanmondi,Web,Success,18-25,0
BNK-0000687,2023-09-20,CIF-60671,Debit,590.55,140685.02,Dhanmondi,Mobile,Success,26-35,0
BNK-0000688,2023-07-25,CIF-70112,Transfer,1297.51,245957.79,Chittagong,Web,Success,26-35,0
BNK-0000689,2023-10-05,CIF-96963,Debit,974.67,227553.49,Dhanmondi,Mobile,Success,36-45,0
BNK-0000690,2023-10-19,CIF-49860,Credit,6434.76,360523.76,Gulshan,ATM,Success,26-35,0
BNK-0000691,2023-01-28,CIF-26147,ATM,821.48,322556.21,Dhaka Main,Web,Success,26-35,1
BNK-0000692,2023-09-03,CIF-14156,Credit,4002.6,3380.74,Chittagong,Web,Pending,46-60,0
BNK-0000693,2023-08-05,CIF-29378,Credit,31046.88,374205.47,Dhanmondi,Mobile,Success,26-35,0
BNK-0000694,2023-10-23,CIF-62049,Transfer,23394.82,396631.14,Chittagong,Branch,Success,36-45,0
BNK-0000695,2023-01-06,CIF-87739,Debit,4253.0,184312.83,Dhanmondi,ATM,Success,26-35,0
BNK-0000696,2023-01-19,CIF-43731,Transfer,6490.85,370031.54,Dhaka Main,ATM,Success,26-35,0
BNK-0000697,2023-06-25,CIF-18469,Transfer,153.56,24180.69,Dhanmondi,Mobile,Success,26-35,0
BNK-0000698,2023-12-02,CIF-57478,Debit,23059.43,353576.2,Dhaka Main,Mobile,Success,26-35,0
BNK-0000699,2023-12-16,CIF-67899,ATM,12228.88,376191.15,Sylhet,ATM,Success,18-25,0
BNK-0000700,2023-01-11,CIF-83244,Credit,278.58,334274.2,Dhanmondi,Branch,Success,26-35,0
BNK-0000701,2023-12-16,CIF-29472,Credit,3146.05,29386.67,Dhanmondi,ATM,Success,26-35,0
BNK-0000702,2023-10-16,CIF-53848,Debit,3795.23,8757.77,Sylhet,Mobile,Success,26-35,0
BNK-0000703,2023-12-10,CIF-43145,ATM,3030.74,428820.44,Sylhet,Mobile,Success,46-60,0
BNK-0000704,2023-08-31,CIF-68681,Credit,3984.21,490549.66,Chittagong,Web,Success,60+,0
BNK-0000705,2023-12-13,CIF-47283,ATM,4238.98,439176.78,Dhaka Main,Web,Success,46-60,0
BNK-0000706,2023-01-22,CIF-81603,Debit,507.7,346996.75,Dhaka Main,ATM,Success,18-25,0
BNK-0000707,2023-02-18,CIF-33014,Debit,251.9,454125.69,Sylhet,Branch,Success,18-25,0
BNK-0000708,2023-04-25,CIF-69163,Debit,4032.75,201044.12,Sylhet,Web,Success,26-35,0
BNK-0000709,2023-06-10,CIF-16693,ATM,2007.39,33422.46,Dhaka Main,Web,Success,36-45,0
BNK-0000710,2023-05-29,CIF-39660,Credit,3572.7,322878.94,Dhaka Main,Mobile,Success,18-25,1
BNK-0000711,2023-06-24,CIF-11822,ATM,1682.1,24676.06,Chittagong,Mobile,Failed,60+,0
BNK-0000712,2023-01-17,CIF-22481,Transfer,300.89,338789.88,Sylhet,Web,Success,18-25,0
BNK-0000713,2023-11-29,CIF-10216,ATM,1392.94,342975.24,Chittagong,Web,Success,36-45,0
BNK-0000714,2023-04-17,CIF-55686,Credit,1449.23,394986.41,Sylhet,Branch,Success,36-45,0
BNK-0000715,2023-07-18,CIF-72911,Credit,789.35,358210.53,Dhanmondi,ATM,Success,26-35,0
BNK-0000716,2023-05-25,CIF-37792,Credit,3222.71,258511.01,Sylhet,Web,Success,26-35,0
BNK-0000717,2023-03-03,CIF-30304,Debit,10161.73,36141.31,Chittagong,Mobile,Success,26-35,0
BNK-0000718,2023-09-22,CIF-27385,Credit,2836.56,261451.74,Gulshan,ATM,Success,60+,0
BNK-0000719,2023-05-04,CIF-80227,Debit,1496.63,479693.79,Chittagong,Web,Success,26-35,0
BNK-0000720,2023-10-09,CIF-10823,Credit,3972.42,27437.98,Dhaka Main,Mobile,Success,26-35,0
BNK-0000721,2023-02-27,CIF-78360,Debit,3899.06,349642.91,Sylhet,ATM,Success,26-35,0
BNK-0000722,2023-06-16,CIF-10153,Credit,206.09,446984.53,Gulshan,Mobile,Success,36-45,0
BNK-0000723,2023-05-10,CIF-13602,Transfer,117806.48,419174.47,Dhaka Main,Web,Success,36-45,0
BNK-0000724,2023-03-24,CIF-70694,Credit,139.95,389503.05,Dhaka Main,ATM,Success,36-45,0
BNK-0000725,2023-11-04,CIF-20638,Debit,8237.18,485876.6,Gulshan,Mobile,Success,26-35,0
BNK-0000726,2023-08-30,CIF-92672,Debit,27275.26,492181.37,Dhaka Main,Web,Success,36-45,0
BNK-0000727,2023-07-12,CIF-89278,Credit,11559.1,216864.31,Gulshan,Web,Success,36-45,0
BNK-0000728,2023-05-19,CIF-49133,Credit,1280.79,272984.17,Chittagong,Mobile,Success,18-25,0
BNK-0000729,2023-08-28,CIF-61209,Transfer,3776.75,399495.42,Dhanmondi,Web,Success,26-35,0
BNK-0000730,2023-09-26,CIF-20316,Transfer,1585.5,128798.45,Chittagong,Mobile,Success,26-35,0
BNK-0000731,2023-03-03,CIF-50326,Credit,1689.08,99976.76,Chittagong,Mobile,Success,18-25,0
BNK-0000732,2023-02-14,CIF-44608,Debit,5962.25,439902.12,Dhanmondi,Mobile,Success,36-45,0
BNK-0000733,2023-01-22,CIF-34944,Credit,3689.58,437707.51,Sylhet,Mobile,Success,36-45,0
BNK-0000734,2023-06-10,CIF-30103,Credit,8242.62,389333.75,Dhanmondi,Mobile,Success,46-60,0
BNK-0000735,2023-08-17,CIF-84782,Credit,10605.34,52492.13,Sylhet,ATM,Success,46-60,0
BNK-0000736,2023-08-20,CIF-34315,Credit,5206.14,421149.48,Chittagong,Web,Success,36-45,0
BNK-0000737,2023-11-28,CIF-97483,Credit,1410.91,201377.97,Dhaka Main,Mobile,Success,18-25,0
BNK-0000738,2023-05-26,CIF-55851,ATM,2578.69,10740.87,Gulshan,Mobile,Success,36-45,0
BNK-0000739,2023-02-07,CIF-12261,Debit,9950.27,416307.02,Dhanmondi,ATM,Success,46-60,0
BNK-0000740,2023-04-18,CIF-96674,Credit,383.14,240522.49,Dhanmondi,Branch,Success,46-60,0
BNK-0000741,2023-10-23,CIF-83007,Credit,2040.73,422876.49,Sylhet,Mobile,Success,46-60,0
BNK-0000742,2023-09-18,CIF-84318,Credit,8442.06,442620.57,Sylhet,ATM,Success,36-45,0
BNK-0000743,2023-12-01,CIF-81043,Debit,1750.64,378744.0,Dhaka Main,Mobile,Success,46-60,0
BNK-0000744,2023-06-11,CIF-95921,ATM,5213.17,258449.03,Sylhet,Branch,Success,36-45,0
BNK-0000745,2023-05-03,CIF-79110,Debit,341.05,404962.39,Sylhet,Mobile,Success,36-45,0
BNK-0000746,2023-06-17,CIF-10608,Credit,8070.95,4273.01,Chittagong,Web,Success,36-45,0
BNK-0000747,2023-04-18,CIF-87086,Transfer,4988.91,89110.05,Gulshan,ATM,Success,46-60,0
BNK-0000748,2023-11-03,CIF-32304,Credit,7721.06,438918.55,Dhanmondi,Branch,Success,26-35,0
BNK-0000749,2023-09-07,CIF-91768,Debit,662.75,245569.33,Dhaka Main,Web,Success,26-35,0
BNK-0000750,2023-09-29,CIF-10131,Debit,2944.47,203926.71,Sylhet,Web,Success,18-25,0
BNK-0000751,2023-10-23,CIF-73247,ATM,2975.21,2987.36,Sylhet,Branch,Success,18-25,0
BNK-0000752,2023-03-11,CIF-38585,Credit,10343.65,288254.24,Dhanmondi,Mobile,Failed,60+,0
BNK-0000753,2023-11-10,CIF-84783,Transfer,2811.73,473895.44,Sylhet,ATM,Success,36-45,0
BNK-0000754,2023-01-03,CIF-44224,Debit,154.14,261701.43,Sylhet,Mobile,Success,36-45,0
BNK-0000755,2023-08-14,CIF-32429,Debit,9097.54,496711.32,Dhaka Main,ATM,Success,26-35,0
BNK-0000756,2023-10-22,CIF-84843,Credit,23867.66,286800.77,Dhanmondi,Web,Success,26-35,0
BNK-0000757,2023-09-27,CIF-73064,Debit,1111.07,28557.26,Sylhet,Branch,Success,36-45,0
BNK-0000758,2023-01-15,CIF-68259,Debit,5716.15,242980.92,Dhaka Main,Web,Success,26-35,0
BNK-0000759,2023-01-30,CIF-41896,Transfer,2248.49,392044.01,Gulshan,ATM,Success,46-60,0
BNK-0000760,2023-08-15,CIF-67973,Debit,4413.86,459984.77,Dhanmondi,Web,Success,36-45,0
BNK-0000761,2023-10-16,CIF-60897,Credit,4664.25,301196.17,Gulshan,Mobile,Failed,18-25,0
BNK-0000762,2023-02-22,CIF-84106,Credit,7614.75,419647.11,Dhanmondi,ATM,Success,46-60,0
BNK-0000763,2023-07-16,CIF-92396,Credit,3720.12,321372.98,Chittagong,Web,Success,26-35,0
BNK-0000764,2023-05-05,CIF-16019,Debit,1959.53,393295.71,Chittagong,Mobile,Success,26-35,0
BNK-0000765,2023-05-19,CIF-25879,Credit,2168.78,34213.72,Dhanmondi,Mobile,Success,26-35,0
BNK-0000766,2023-08-04,CIF-31381,Debit,259.32,135028.93,Gulshan,Web,Success,26-35,0
BNK-0000767,2023-09-22,CIF-63488,Credit,344.84,235852.21,Chittagong,Mobile,Success,18-25,0
BNK-0000768,2023-08-15,CIF-26782,Credit,1010.45,106499.97,Dhaka Main,Mobile,Success,18-25,0
BNK-0000769,2023-05-11,CIF-30260,Credit,185.37,225914.37,Sylhet,Mobile,Success,36-45,0
BNK-0000770,2023-05-21,CIF-62262,Debit,2071.16,407277.57,Chittagong,Web,Success,46-60,0
BNK-0000771,2023-10-02,CIF-60079,Transfer,985.8,186088.27,Gulshan,Mobile,Success,26-35,0
BNK-0000772,2023-01-17,CIF-70203,Credit,3604.94,273451.2,Chittagong,Branch,Success,46-60,0
BNK-0000773,2023-01-31,CIF-75989,Debit,747.07,98088.28,Sylhet,Mobile,Success,26-35,0
BNK-0000774,2023-03-10,CIF-40257,Transfer,2512.46,423031.15,Chittagong,Mobile,Failed,26-35,0
BNK-0000775,2023-02-17,CIF-40930,Debit,1940.47,489472.29,Dhanmondi,ATM,Success,26-35,0
BNK-0000776,2023-06-18,CIF-77171,Debit,9937.49,254919.93,Chittagong,Web,Success,26-35,0
BNK-0000777,2023-02-08,CIF-95444,Debit,463.01,290384.6,Sylhet,ATM,Success,26-35,0
BNK-0000778,2023-10-10,CIF-57208,Debit,3282.31,137321.25,Dhaka Main,ATM,Success,18-25,1
BNK-0000779,2023-11-04,CIF-70519,Transfer,386.19,375005.31,Chittagong,Web,Success,18-25,0
BNK-0000780,2023-01-11,CIF-69350,Debit,26988.95,265781.23,Sylhet,Mobile,Success,26-35,0
BNK-0000781,2023-12-08,CIF-70178,Transfer,3761.26,223588.82,Chittagong,Web,Success,36-45,0
BNK-0000782,2023-01-25,CIF-73707,Credit,424.54,403888.5,Sylhet,ATM,Success,26-35,0
BNK-0000783,2023-05-21,CIF-65719,Debit,47949.42,434904.64,Dhaka Main,Branch,Success,26-35,0
BNK-0000784,2023-06-13,CIF-61767,Credit,307.45,195404.41,Dhanmondi,Web,Success,18-25,0
BNK-0000785,2023-05-21,CIF-82836,Debit,6030.04,58539.76,Dhaka Main,Mobile,Success,26-35,0
BNK-0000786,2023-10-16,CIF-80377,Debit,232.45,320215.16,Dhaka Main,ATM,Success,18-25,0
BNK-0000787,2023-02-21,CIF-44781,ATM,1781.42,214463.78,Dhaka Main,Mobile,Success,36-45,0
BNK-0000788,2023-09-12,CIF-18948,Debit,2057.48,381443.51,Dhaka Main,Web,Success,36-45,0
BNK-0000789,2023-02-28,CIF-31495,Debit,934.4,470358.63,Dhaka Main,Mobile,Success,18-25,0
BNK-0000790,2023-03-29,CIF-60545,Credit,76.32,265880.46,Sylhet,ATM,Failed,18-25,0
BNK-0000791,2023-06-11,CIF-79077,Debit,1017.05,418706.0,Dhanmondi,Mobile,Success,26-35,0
BNK-0000792,2023-05-02,CIF-16675,Debit,3795.27,308651.66,Sylhet,Web,Success,36-45,0
BNK-0000793,2023-04-02,CIF-11141,Transfer,440.6,215616.4,Gulshan,ATM,Success,46-60,0
BNK-0000794,2023-12-17,CIF-68303,Transfer,452.99,61753.55,Dhaka Main,Web,Success,26-35,0
BNK-0000795,2023-04-09,CIF-79870,Credit,3300.69,325663.5,Dhaka Main,ATM,Success,18-25,0
BNK-0000796,2023-11-15,CIF-48828,Debit,75879.49,196479.97,Gulshan,Mobile,Success,60+,0
BNK-0000797,2023-02-01,CIF-42845,Credit,4822.26,482239.03,Dhaka Main,Mobile,Success,36-45,0
BNK-0000798,2023-10-22,CIF-64111,Debit,101.12,124664.76,Gulshan,ATM,Success,18-25,0
BNK-0000799,2023-12-06,CIF-95061,Credit,131788.37,371126.65,Dhanmondi,Mobile,Success,26-35,0
BNK-0000800,2023-08-06,CIF-14547,Debit,862.35,277726.24,Chittagong,ATM,Success,26-35,0
BNK-0000801,2023-01-11,CIF-65469,Credit,68.87,96476.83,Chittagong,Web,Success,46-60,0
BNK-0000802,2023-12-14,CIF-26974,Debit,52053.46,3285.4,Dhanmondi,ATM,Success,18-25,0
BNK-0000803,2023-11-27,CIF-12301,Credit,15223.75,384021.11,Dhaka Main,Web,Success,26-35,0
BNK-0000804,2023-02-20,CIF-70393,ATM,9112.72,485590.11,Dhaka Main,ATM,Success,26-35,0
BNK-0000805,2023-02-19,CIF-85185,Debit,402.74,66301.2,Gulshan,Mobile,Success,36-45,0
BNK-0000806,2023-12-07,CIF-19706,Credit,2456.99,8313.75,Sylhet,Branch,Success,26-35,0
BNK-0000807,2023-04-29,CIF-10484,Credit,11363.19,363835.89,Dhaka Main,Web,Success,46-60,0
BNK-0000808,2023-08-10,CIF-82832,Debit,1426.47,216434.47,Dhaka Main,Branch,Success,60+,0
BNK-0000809,2023-10-13,CIF-68246,Credit,1779.75,388880.06,Sylhet,ATM,Success,26-35,0
BNK-0000810,2023-08-21,CIF-46109,ATM,1138.62,233288.25,Dhaka Main,Branch,Success,36-45,0
BNK-0000811,2023-12-27,CIF-88170,Debit,2229.64,82602.5,Dhanmondi,ATM,Success,26-35,0
BNK-0000812,2023-01-11,CIF-31321,Debit,11552.24,295380.38,Sylhet,Mobile,Failed,26-35,0
BNK-0000813,2023-07-28,CIF-39622,Credit,1825.34,424158.3,Sylhet,Mobile,Success,46-60,0
BNK-0000814,2023-10-12,CIF-73857,Transfer,557.23,100891.76,Sylhet,Mobile,Success,18-25,0
BNK-0000815,2023-12-18,CIF-11585,Credit,460.87,460868.39,Dhaka Main,Mobile,Pending,46-60,0
BNK-0000816,2023-12-21,CIF-30078,Debit,2531.92,275376.57,Dhanmondi,ATM,Success,46-60,0
BNK-0000817,2023-09-11,CIF-57056,ATM,4454.69,377144.85,Dhaka Main,Mobile,Success,26-35,0
BNK-0000818,2023-12-28,CIF-21045,Credit,4633.11,321537.66,Dhaka Main,Web,Success,18-25,0
BNK-0000819,2023-12-30,CIF-45270,Debit,1627.86,197801.73,Sylhet,Web,Success,18-25,0
BNK-0000820,2023-04-13,CIF-68305,Debit,41081.12,319391.22,Dhaka Main,Mobile,Success,18-25,0
BNK-0000821,2023-09-24,CIF-80183,Credit,1947.12,206133.9,Gulshan,Mobile,Success,18-25,0
BNK-0000822,2023-12-12,CIF-34602,Transfer,15793.94,428971.36,Gulshan,Mobile,Success,26-35,0
BNK-0000823,2023-05-08,CIF-73392,Debit,11856.0,467092.73,Dhaka Main,Mobile,Pending,36-45,0
BNK-0000824,2023-11-24,CIF-87620,Debit,7543.89,199055.97,Chittagong,Mobile,Success,36-45,0
BNK-0000825,2023-08-31,CIF-70217,Credit,1250.26,277115.96,Dhaka Main,Mobile,Success,36-45,0
BNK-0000826,2023-06-08,CIF-74747,Debit,593.19,97300.34,Chittagong,Mobile,Success,60+,0
BNK-0000827,2023-09-09,CIF-29096,Debit,1098.34,338927.85,Gulshan,Web,Failed,36-45,0
BNK-0000828,2023-06-11,CIF-20007,Credit,2963.11,458558.4,Sylhet,Mobile,Success,36-45,0
BNK-0000829,2023-06-15,CIF-30503,ATM,2309.97,120957.06,Dhaka Main,Web,Success,36-45,0
BNK-0000830,2023-07-18,CIF-17521,Debit,1987.39,17043.05,Sylhet,Mobile,Success,36-45,0
BNK-0000831,2023-05-02,CIF-63804,Debit,8714.65,24231.97,Gulshan,Web,Success,46-60,0
BNK-0000832,2023-02-18,CIF-16393,ATM,2213.12,123739.75,Gulshan,Web,Success,46-60,0
BNK-0000833,2023-10-21,CIF-32582,Credit,7201.91,253095.34,Dhaka Main,Web,Success,36-45,0
BNK-0000834,2023-08-25,CIF-95921,Debit,5735.48,143917.19,Dhanmondi,Web,Success,18-25,0
BNK-0000835,2023-12-03,CIF-48760,Transfer,4609.64,28223.55,Chittagong,ATM,Success,26-35,0
BNK-0000836,2023-10-06,CIF-46098,Credit,2766.29,10250.51,Dhanmondi,Mobile,Success,18-25,0
BNK-0000837,2023-02-06,CIF-41807,ATM,9194.88,48894.96,Sylhet,ATM,Success,46-60,0
BNK-0000838,2023-05-07,CIF-56339,Debit,251.86,49204.05,Dhanmondi,Web,Success,26-35,0
BNK-0000839,2023-12-11,CIF-24022,Credit,4147.56,361325.67,Chittagong,ATM,Success,36-45,0
BNK-0000840,2023-09-06,CIF-14154,ATM,45962.29,380720.55,Chittagong,Mobile,Success,18-25,0
BNK-0000841,2023-05-19,CIF-25158,Transfer,2446.95,48776.87,Dhanmondi,Mobile,Failed,46-60,0
BNK-0000842,2023-03-08,CIF-83153,Debit,1400.28,427801.01,Dhaka Main,Mobile,Success,18-25,0
BNK-0000843,2023-09-11,CIF-14613,Debit,18944.22,406107.44,Chittagong,Branch,Success,26-35,0
BNK-0000844,2023-09-07,CIF-76512,Debit,5146.6,423803.13,Dhanmondi,ATM,Success,26-35,0
BNK-0000845,2023-02-25,CIF-23833,ATM,4956.02,281902.2,Gulshan,Web,Success,18-25,0
BNK-0000846,2023-06-14,CIF-86688,Debit,2106.01,404695.81,Dhanmondi,Web,Success,46-60,0
BNK-0000847,2023-01-15,CIF-60212,ATM,373.54,98692.64,Dhanmondi,Branch,Success,36-45,0
BNK-0000848,2023-06-24,CIF-98672,Debit,10902.78,8865.43,Chittagong,Branch,Success,36-45,0
BNK-0000849,2023-01-09,CIF-85410,Credit,1365.47,263860.7,Dhaka Main,Web,Success,60+,0
BNK-0000850,2023-06-10,CIF-77841,Debit,535.24,484200.45,Chittagong,Mobile,Success,36-45,0
BNK-0000851,2023-02-05,CIF-81274,Debit,32621.51,421069.48,Sylhet,Branch,Success,46-60,0
BNK-0000852,2023-12-02,CIF-71070,ATM,1017.71,301705.55,Chittagong,Mobile,Success,36-45,0
BNK-0000853,2023-11-20,CIF-67232,Debit,3395.57,287270.92,Chittagong,Mobile,Success,18-25,0
BNK-0000854,2023-12-22,CIF-39848,Credit,662.05,94466.7,Dhanmondi,Web,Success,26-35,0
BNK-0000855,2023-01-13,CIF-54060,Debit,487.88,448145.74,Chittagong,Mobile,Success,46-60,0
BNK-0000856,2023-03-16,CIF-45572,Credit,50059.93,332560.34,Sylhet,ATM,Success,36-45,0
BNK-0000857,2023-05-01,CIF-40599,Credit,56219.28,132030.21,Dhanmondi,Web,Success,36-45,0
BNK-0000858,2023-12-24,CIF-95808,Credit,55723.13,234444.91,Dhanmondi,Mobile,Success,36-45,0
BNK-0000859,2023-09-02,CIF-20134,Credit,296.28,167529.52,Sylhet,Mobile,Success,46-60,0
BNK-0000860,2023-12-20,CIF-10668,Credit,1966.32,176407.24,Gulshan,Branch,Success,36-45,0
BNK-0000861,2023-06-28,CIF-35917,Credit,2483.4,338759.75,Dhanmondi,Mobile,Success,18-25,0
BNK-0000862,2023-12-21,CIF-96310,Transfer,9489.94,69254.13,Chittagong,ATM,Success,26-35,0
BNK-0000863,2023-06-22,CIF-50438,Credit,1542.78,467455.98,Sylhet,Web,Success,36-45,0
BNK-0000864,2023-02-24,CIF-21844,Transfer,2247.5,317901.84,Gulshan,Mobile,Success,46-60,0
BNK-0000865,2023-05-21,CIF-81297,Debit,87632.03,16607.37,Gulshan,ATM,Success,26-35,0
BNK-0000866,2023-04-04,CIF-53233,ATM,1768.22,378351.77,Dhanmondi,Web,Success,26-35,0
BNK-0000867,2023-09-12,CIF-26880,Debit,6431.54,38332.82,Dhanmondi,Mobile,Success,26-35,0
BNK-0000868,2023-07-31,CIF-62932,Transfer,8854.76,186354.21,Dhanmondi,Web,Success,36-45,0
BNK-0000869,2023-04-06,CIF-53853,Debit,6814.18,169666.1,Chittagong,Mobile,Success,26-35,0
BNK-0000870,2023-04-19,CIF-62126,Credit,19508.23,211522.64,Dhanmondi,Web,Success,36-45,0
BNK-0000871,2023-09-15,CIF-83662,Credit,3086.74,323799.56,Chittagong,ATM,Success,26-35,0
BNK-0000872,2023-04-14,CIF-34278,Credit,386.25,168994.38,Dhaka Main,Mobile,Pending,46-60,0
BNK-0000873,2023-11-30,CIF-33579,Debit,5538.74,76880.23,Sylhet,Branch,Success,46-60,0
BNK-0000874,2023-10-20,CIF-96283,Debit,3413.09,177001.14,Sylhet,Mobile,Success,18-25,0
BNK-0000875,2023-02-09,CIF-32370,Credit,11229.74,151883.91,Chittagong,Web,Success,36-45,0
BNK-0000876,2023-04-03,CIF-40006,Debit,626.8,490493.69,Gulshan,Mobile,Success,36-45,0
BNK-0000877,2023-09-22,CIF-34177,Debit,1449.37,52055.75,Sylhet,Mobile,Success,18-25,0
BNK-0000878,2023-04-15,CIF-53330,Credit,779.38,341453.44,Chittagong,Mobile,Pending,46-60,0
BNK-0000879,2023-02-13,CIF-55971,Debit,2661.09,415148.5,Chittagong,Web,Success,26-35,0
BNK-0000880,2023-04-14,CIF-70350,Debit,3273.37,143972.02,Dhanmondi,Web,Success,18-25,0
BNK-0000881,2023-08-12,CIF-48666,Debit,1836.35,142987.72,Gulshan,Mobile,Success,26-35,0
BNK-0000882,2023-01-20,CIF-18576,Credit,265.06,312382.22,Dhanmondi,Mobile,Success,26-35,0
BNK-0000883,2023-01-20,CIF-64861,Credit,3153.43,102125.67,Sylhet,Mobile,Success,26-35,0
BNK-0000884,2023-07-21,CIF-47815,Debit,1052.73,246154.79,Gulshan,Mobile,Success,36-45,0
BNK-0000885,2023-08-27,CIF-73403,Debit,6390.8,342703.42,Dhanmondi,Web,Success,18-25,0
BNK-0000886,2023-09-24,CIF-78942,Debit,232762.17,337519.03,Chittagong,Mobile,Success,18-25,0
BNK-0000887,2023-05-24,CIF-64706,Debit,14560.38,171217.47,Dhanmondi,Mobile,Success,36-45,0
BNK-0000888,2023-06-17,CIF-81221,Transfer,1016.05,405029.46,Sylhet,Web,Pending,26-35,0
BNK-0000889,2023-11-01,CIF-77860,Transfer,3858.59,285340.18,Sylhet,Web,Success,26-35,0
BNK-0000890,2023-02-16,CIF-55354,Transfer,13898.34,319130.38,Sylhet,Web,Success,46-60,0
BNK-0000891,2023-04-05,CIF-89997,Credit,2768.8,33791.82,Dhaka Main,Mobile,Success,18-25,0
BNK-0000892,2023-07-07,CIF-78713,Credit,5607.89,469457.23,Dhaka Main,Mobile,Success,26-35,0
BNK-0000893,2023-09-21,CIF-42243,Debit,21523.29,230793.84,Gulshan,Web,Success,26-35,0
BNK-0000894,2023-04-01,CIF-92092,Debit,4332.58,26174.9,Dhaka Main,Web,Success,46-60,0
BNK-0000895,2023-06-27,CIF-52514,Debit,81297.62,191093.72,Dhanmondi,Mobile,Success,46-60,0
BNK-0000896,2023-09-18,CIF-30239,Debit,2111.36,300343.08,Dhaka Main,Mobile,Success,36-45,0
BNK-0000897,2023-10-15,CIF-63041,ATM,6331.35,401546.99,Chittagong,Mobile,Success,36-45,0
BNK-0000898,2023-02-25,CIF-51092,Debit,1182.27,44229.83,Gulshan,Web,Success,46-60,0
BNK-0000899,2023-03-02,CIF-26508,Transfer,122.52,348685.85,Dhanmondi,Branch,Success,18-25,0
BNK-0000900,2023-01-22,CIF-34747,Credit,443.62,100045.46,Sylhet,ATM,Failed,26-35,0
BNK-0000901,2023-09-01,CIF-98481,Debit,395.77,391455.01,Chittagong,Web,Success,46-60,0
BNK-0000902,2023-01-21,CIF-58662,Debit,5849.27,477418.86,Chittagong,ATM,Success,36-45,0
BNK-0000903,2023-01-24,CIF-86233,Credit,760.82,302209.89,Dhanmondi,Mobile,Success,36-45,0
BNK-0000904,2023-05-02,CIF-44772,Debit,17821.37,488481.69,Chittagong,Web,Success,36-45,0
BNK-0000905,2023-10-23,CIF-88697,Debit,11451.87,399476.05,Gulshan,ATM,Success,36-45,1
BNK-0000906,2023-01-30,CIF-79353,Credit,773.73,427774.84,Sylhet,Mobile,Success,26-35,0
BNK-0000907,2023-04-07,CIF-86298,Debit,1621.81,498003.6,Dhanmondi,Web,Failed,26-35,0
BNK-0000908,2023-05-03,CIF-93295,Debit,1752.06,76067.62,Dhaka Main,Web,Success,36-45,0
BNK-0000909,2023-02-09,CIF-99082,Debit,6985.52,85776.11,Sylhet,ATM,Success,46-60,0
BNK-0000910,2023-08-13,CIF-24266,Debit,1103.85,369937.08,Sylhet,Branch,Success,36-45,0
BNK-0000911,2023-08-08,CIF-21671,ATM,3041.17,420363.11,Chittagong,Web,Success,46-60,0
BNK-0000912,2023-09-07,CIF-96739,Credit,20888.31,248814.13,Sylhet,ATM,Success,18-25,0
BNK-0000913,2023-08-11,CIF-86548,Debit,5037.28,456218.25,Chittagong,Mobile,Success,36-45,0
BNK-0000914,2023-01-01,CIF-67866,Credit,2289.98,170410.27,Chittagong,ATM,Success,26-35,0
BNK-0000915,2023-06-23,CIF-15631,Transfer,1950.91,79580.14,Sylhet,Mobile,Pending,26-35,0
BNK-0000916,2023-04-01,CIF-99015,Credit,4380.08,234287.96,Sylhet,Web,Success,36-45,0
BNK-0000917,2023-05-08,CIF-58997,Debit,7490.77,110936.43,Sylhet,Mobile,Success,36-45,0
BNK-0000918,2023-07-30,CIF-40861,Credit,2695.94,321783.96,Sylhet,Web,Success,36-45,0
BNK-0000919,2023-03-27,CIF-61696,ATM,66871.33,476854.08,Dhaka Main,Mobile,Success,36-45,0
BNK-0000920,2023-01-28,CIF-52125,Debit,808.54,190046.26,Dhaka Main,Mobile,Success,46-60,0
BNK-0000921,2023-12-23,CIF-69833,Debit,14778.55,203034.08,Dhaka Main,ATM,Success,26-35,0
BNK-0000922,2023-12-17,CIF-64627,Credit,520.72,145190.53,Dhanmondi,Branch,Success,60+,1
BNK-0000923,2023-07-17,CIF-76695,Debit,5185.55,391318.26,Gulshan,Mobile,Success,18-25,0
BNK-0000924,2023-05-12,CIF-74133,Transfer,34139.53,262229.96,Dhaka Main,Web,Success,46-60,0
BNK-0000925,2023-06-25,CIF-93167,ATM,2979.03,49153.39,Chittagong,Mobile,Success,18-25,0
BNK-0000926,2023-01-11,CIF-49319,Debit,2125.79,339504.11,Sylhet,Mobile,Success,18-25,0
BNK-0000927,2023-08-17,CIF-91035,Debit,6015.2,217101.06,Dhaka Main,ATM,Success,46-60,0
BNK-0000928,2023-03-05,CIF-92242,Debit,4661.03,12527.94,Dhanmondi,Mobile,Success,60+,0
BNK-0000929,2023-10-14,CIF-49797,Debit,65306.24,351824.53,Gulshan,Mobile,Success,18-25,0
BNK-0000930,2023-02-22,CIF-92491,Debit,5311.03,282884.43,Dhaka Main,Mobile,Success,36-45,0
BNK-0000931,2023-04-22,CIF-10790,Credit,1071.55,36122.28,Sylhet,Mobile,Success,36-45,0
BNK-0000932,2023-03-16,CIF-56425,ATM,15294.51,389838.56,Sylhet,Mobile,Success,26-35,0
BNK-0000933,2023-06-03,CIF-49161,Debit,1602.42,334441.14,Gulshan,Web,Success,36-45,0
BNK-0000934,2023-03-17,CIF-42600,Debit,8119.76,335035.05,Dhanmondi,Mobile,Success,46-60,0
BNK-0000935,2023-08-07,CIF-53032,Debit,934.65,331439.74,Chittagong,Branch,Success,26-35,0
BNK-0000936,2023-03-31,CIF-45856,Debit,377912.67,314494.41,Gulshan,ATM,Success,60+,0
BNK-0000937,2023-01-14,CIF-14365,Credit,4616.32,111050.75,Dhaka Main,Mobile,Success,46-60,0
BNK-0000938,2023-07-28,CIF-50440,ATM,16529.42,273474.87,Dhanmondi,Mobile,Success,36-45,0
BNK-0000939,2023-02-10,CIF-64439,Transfer,820.49,77402.19,Gulshan,Mobile,Success,36-45,0
BNK-0000940,2023-09-13,CIF-64448,Credit,8273.62,392208.78,Dhaka Main,Mobile,Success,46-60,0
BNK-0000941,2023-11-24,CIF-90861,Debit,722.06,453148.85,Chittagong,Mobile,Success,26-35,0
BNK-0000942,2023-03-24,CIF-22246,Debit,41910.18,167062.55,Dhanmondi,Web,Success,36-45,0
BNK-0000943,2023-05-29,CIF-12294,ATM,6602.33,383346.5,Gulshan,ATM,Success,36-45,0
BNK-0000944,2023-05-09,CIF-31366,ATM,3069.22,58134.58,Gulshan,Web,Success,26-35,0
BNK-0000945,2023-11-07,CIF-34493,Credit,97.68,27242.7,Sylhet,Mobile,Success,26-35,0
BNK-0000946,2023-04-07,CIF-26657,Credit,4664.72,186111.86,Dhaka Main,Mobile,Success,46-60,0
BNK-0000947,2023-12-05,CIF-21571,Transfer,3061.44,92747.47,Chittagong,ATM,Success,36-45,0
BNK-0000948,2023-01-09,CIF-10940,Debit,960.12,235173.53,Sylhet,Mobile,Success,26-35,0
BNK-0000949,2023-12-05,CIF-15951,Credit,459414.3,354702.95,Dhaka Main,Web,Success,26-35,0
BNK-0000950,2023-01-27,CIF-68408,Transfer,381.09,156352.69,Chittagong,Web,Success,26-35,0
BNK-0000951,2023-10-15,CIF-50940,Transfer,16999.61,17064.35,Sylhet,Web,Success,36-45,0
BNK-0000952,2023-12-17,CIF-58001,Transfer,67818.77,196362.83,Dhaka Main,Mobile,Success,60+,0
BNK-0000953,2023-02-10,CIF-95092,ATM,268.18,10151.89,Chittagong,Mobile,Success,60+,0
BNK-0000954,2023-05-21,CIF-15450,Debit,25530.41,360587.17,Gulshan,Mobile,Success,36-45,0
BNK-0000955,2023-04-18,CIF-60209,ATM,623.29,24320.05,Sylhet,Mobile,Success,36-45,0
BNK-0000956,2023-06-11,CIF-35240,Debit,4808.45,219938.78,Dhaka Main,ATM,Success,60+,0
BNK-0000957,2023-05-15,CIF-45731,Credit,2020.67,316860.63,Dhaka Main,Web,Success,46-60,0
BNK-0000958,2023-05-24,CIF-59587,Debit,18073.94,301909.67,Gulshan,ATM,Success,36-45,0
BNK-0000959,2023-05-09,CIF-44773,Debit,2191.34,123160.56,Gulshan,Web,Success,36-45,0
BNK-0000960,2023-06-16,CIF-65839,Debit,1925.84,35829.84,Sylhet,Branch,Success,36-45,0
BNK-0000961,2023-12-11,CIF-58859,Debit,2927.11,138911.8,Chittagong,Web,Success,60+,0
BNK-0000962,2023-05-17,CIF-50634,Transfer,12018.32,373854.98,Dhaka Main,Web,Success,26-35,0
BNK-0000963,2023-05-20,CIF-95370,Debit,2860.44,37254.54,Gulshan,Mobile,Success,46-60,0
BNK-0000964,2023-04-27,CIF-87399,Debit,15184.27,128869.34,Dhaka Main,ATM,Success,46-60,0
BNK-0000965,2023-03-08,CIF-76930,Credit,14562.41,492472.19,Dhaka Main,Mobile,Success,18-25,0
BNK-0000966,2023-09-09,CIF-94934,Transfer,2043.79,370246.33,Dhanmondi,Branch,Success,26-35,0
BNK-0000967,2023-01-24,CIF-25631,Transfer,73903.69,127600.99,Gulshan,ATM,Failed,46-60,0
BNK-0000968,2023-10-10,CIF-55652,Debit,157.8,192665.64,Gulshan,Mobile,Success,18-25,0
BNK-0000969,2023-02-19,CIF-38313,Transfer,8639.02,86880.97,Chittagong,Mobile,Success,36-45,0
BNK-0000970,2023-12-19,CIF-84612,Credit,3619.38,410410.73,Dhaka Main,Mobile,Success,36-45,0
BNK-0000971,2023-12-12,CIF-22433,Transfer,1752.74,468230.44,Dhanmondi,Web,Pending,36-45,0
BNK-0000972,2023-05-10,CIF-68870,ATM,1476.39,314560.73,Sylhet,Branch,Success,18-25,0
BNK-0000973,2023-11-16,CIF-45614,Transfer,1156.22,106918.69,Chittagong,ATM,Success,18-25,0
BNK-0000974,2023-10-24,CIF-59384,Debit,432.27,432040.21,Dhaka Main,Mobile,Success,26-35,0
BNK-0000975,2023-09-05,CIF-69894,Transfer,4346.42,161347.96,Chittagong,Mobile,Success,26-35,0
BNK-0000976,2023-02-19,CIF-67031,Credit,14839.87,142863.32,Chittagong,Branch,Success,36-45,0
BNK-0000977,2023-01-11,CIF-68776,Credit,27846.13,498289.63,Dhaka Main,ATM,Success,36-45,0
BNK-0000978,2023-02-20,CIF-51003,ATM,5206.74,64334.87,Gulshan,Web,Failed,26-35,0
BNK-0000979,2023-11-19,CIF-32245,Credit,12436.0,8223.23,Dhanmondi,Mobile,Success,36-45,0
BNK-0000980,2023-06-26,CIF-97131,ATM,19791.48,87682.64,Dhaka Main,ATM,Success,60+,0
BNK-0000981,2023-07-30,CIF-48836,ATM,2824.79,87603.11,Gulshan,Web,Success,36-45,0
BNK-0000982,2023-02-26,CIF-37688,Transfer,523.54,248875.39,Chittagong,Web,Failed,36-45,0
BNK-0000983,2023-07-07,CIF-77628,Credit,1423.44,314871.44,Gulshan,Mobile,Success,26-35,0
BNK-0000984,2023-01-23,CIF-15442,Debit,2028.3,337057.93,Gulshan,Mobile,Success,26-35,0
BNK-0000985,2023-03-10,CIF-90510,Transfer,1322.94,477374.99,Dhanmondi,ATM,Success,26-35,0
BNK-0000986,2023-05-26,CIF-11896,Credit,42041.22,54996.41,Dhanmondi,Branch,Success,36-45,0
BNK-0000987,2023-04-19,CIF-20979,Debit,9428.0,340350.0,Sylhet,ATM,Success,26-35,0
BNK-0000988,2023-07-27,CIF-36689,Credit,1678.52,215369.74,Dhaka Main,ATM,Success,18-25,0
BNK-0000989,2023-06-20,CIF-88960,Debit,2102.6,498123.95,Sylhet,Web,Success,46-60,0
BNK-0000990,2023-08-27,CIF-17793,Credit,2690.16,408604.85,Sylhet,Web,Success,26-35,0
BNK-0000991,2023-11-13,CIF-93795,Credit,3213.88,202066.78,Dhanmondi,Mobile,Success,26-35,0
BNK-0000992,2023-12-14,CIF-13297,Debit,20328.28,233858.32,Dhanmondi,Mobile,Success,46-60,0
BNK-0000993,2023-05-17,CIF-51139,Credit,30629.06,112839.87,Sylhet,Mobile,Failed,26-35,0
BNK-0000994,2023-07-25,CIF-82126,Credit,7062.64,198553.41,Gulshan,Web,Success,26-35,0
BNK-0000995,2023-12-05,CIF-89350,Debit,54952.38,192442.06,Sylhet,ATM,Pending,46-60,0
BNK-0000996,2023-05-13,CIF-61008,Transfer,1268.66,489483.64,Chittagong,ATM,Success,36-45,0
BNK-0000997,2023-11-11,CIF-91702,Debit,1570.79,293957.53,Sylhet,Mobile,Success,60+,0
BNK-0000998,2023-03-12,CIF-28360,ATM,697.31,96019.91,Dhaka Main,ATM,Success,26-35,0
BNK-0000999,2023-02-24,CIF-41420,Transfer,5756.62,171885.22,Dhaka Main,Mobile,Success,60+,0
